\\1347\\CJ0104819\\KP1504831\\KP1504831.pdf,\\0\\21\\21684.pdf
\\1349\\CJ0104902\\KP1423406\\KP1423406.pdf,\\0\\22\\22186.pdf
\\1348\\CJ0104862\\KP1425002\\KP1425002.pdf,\\0\\22\\22749.pdf
\\1348\\CJ0104869\\KP1505731\\KP1505731.pdf,\\0\\23\\23082.pdf
\\1348\\CJ0104870\\KP1505749\\KP1505749.pdf,\\0\\23\\23093.pdf
\\1348\\CJ0104846\\KP1506830\\KP1506830.pdf,\\0\\22\\22053.pdf
\\1348\\CJ0104850\\KP1423426\\KP1423426.pdf,\\0\\22\\22116.pdf
\\1349\\CJ0104897\\KP2026124\\KP2026124.pdf,\\0\\24\\24410.pdf
\\1347\\CJ0104795\\KP1415042\\KP1415042.pdf,\\0\\21\\21202.pdf
\\1348\\CJ0104830\\KP1488979\\KP1488979.pdf,\\0\\21\\21831.pdf
\\1350\\CJ0104966\\KP2063420\\KP2063420.pdf,\\0\\22\\22347.pdf
\\1348\\CJ0104841\\KP1505789\\KP1505789.pdf,\\0\\21\\21986.pdf
\\1347\\CJ0104799\\KP1506166\\KP1506166.pdf,\\0\\21\\21263.pdf
\\1347\\CJ0104813\\KP1907607\\KP1907607.pdf,\\0\\21\\21590.pdf
\\1349\\CJ0104901\\KP1415103\\KP1415103.pdf,\\0\\22\\22169.pdf
\\1349\\CJ0104906\\KP1907043\\KP1907043.pdf,\\0\\22\\22253.pdf
\\1349\\CJ0104906\\KP1907049\\KP1907049.pdf,\\0\\22\\22251.pdf
\\1349\\CJ0104893\\KP1504743\\KP1504743.pdf,\\0\\24\\24145.pdf
\\1349\\CJ0104901\\KP1415109\\KP1415109.pdf,\\0\\22\\22173.pdf
\\1349\\CJ0104883\\KP1506077\\KP1506077.pdf,\\0\\23\\23791.pdf
\\1348\\CJ0104821\\KP1490537\\KP1490537.pdf,\\0\\21\\21698.pdf
\\1347\\CJ0104816\\KP1907739\\KP1907739.pdf,\\0\\21\\21642.pdf
\\1347\\CJ0104799\\KP1506173\\KP1506173.pdf,\\0\\21\\21267.pdf
\\1348\\CJ0104868\\KP1505727\\KP1505727.pdf,\\0\\23\\23056.pdf
\\1348\\CJ0104833\\KP1505865\\KP1505865.pdf,\\0\\21\\21882.pdf
\\1347\\CJ0104810\\KP1905659\\KP1905659.pdf,\\0\\21\\21542.pdf
\\1349\\CJ0104884\\KP1506098\\KP1506098.pdf,\\0\\23\\23805.pdf
\\1348\\CJ0104821\\KP1381103\\KP1381103.pdf,\\0\\21\\21703.pdf
\\1348\\CJ0104822\\KP1415028\\KP1415028.pdf,\\0\\21\\21717.pdf
\\1349\\CJ0104884\\KP1506131\\KP1506131.pdf,\\0\\23\\23817.pdf
\\1348\\CJ0104876\\KP1505589\\KP1505589.pdf,\\0\\23\\23424.pdf
\\1347\\CJ0104795\\KP1415057\\KP1415057.pdf,\\0\\21\\21209.pdf
\\1347\\CJ0104794\\KP2065088\\KP2065088.pdf,\\0\\21\\21180.pdf
\\1347\\CJ0104808\\KP1907092\\KP1907092.pdf,\\0\\21\\21515.pdf
\\1348\\CJ0104844\\KP1424049\\KP1424049.pdf,\\0\\22\\22035.pdf
\\1348\\CJ0104863\\KP1415089\\KP1415089.pdf,\\0\\22\\22759.pdf
\\1349\\CJ0104892\\KP1504749\\KP1504749.pdf,\\0\\24\\24116.pdf
\\1348\\CJ0104876\\KP1505583\\KP1505583.pdf,\\0\\23\\23418.pdf
\\1348\\CJ0104858\\KP1504919\\KP1504919.pdf,\\0\\22\\22456.pdf
\\1347\\CJ0104810\\KP1905653\\KP1905653.pdf,\\0\\21\\21547.pdf
\\1348\\CJ0104826\\KP1505656\\KP1505656.pdf,\\0\\21\\21763.pdf
\\1348\\CJ0104868\\KP1505724\\KP1505724.pdf,\\0\\23\\23058.pdf
\\1349\\CJ0104905\\KP2063463\\KP2063463.pdf,\\0\\22\\22232.pdf
\\1348\\CJ0104859\\KP1505803\\KP1505803.pdf,\\0\\22\\22460.pdf
\\1347\\CJ0104808\\KP1907090\\KP1907090.pdf,\\0\\21\\21514.pdf
\\1349\\CJ0104905\\KP2063472\\KP2063472.pdf,\\0\\22\\22225.pdf
\\1348\\CJ0104870\\KP1384636\\KP1384636.pdf,\\0\\23\\23086.pdf
\\1348\\CJ0104831\\KP1489000\\KP1489000.pdf,\\0\\21\\21852.pdf
\\1348\\CJ0104836\\KP1424047\\KP1424047.pdf,\\0\\21\\21920.pdf
\\1348\\CJ0104868\\KP1505719\\KP1505719.pdf,\\0\\23\\23061.pdf
\\1348\\CJ0104858\\KP1490569\\KP1490569.pdf,\\0\\22\\22444.pdf
\\1351\\CJ0105053\\KP1415372\\KP1415372.pdf,\\0\\25\\25172.pdf
\\1348\\CJ0104828\\KP1506159\\KP1506159.pdf,\\0\\21\\21798.pdf
\\1347\\CJ0104794\\KP1380774\\KP1380774.pdf,\\0\\21\\21191.pdf
\\1348\\CJ0104837\\KP1505560\\KP1505560.pdf,\\0\\21\\21939.pdf
\\1348\\CJ0104869\\KP1505751\\KP1505751.pdf,\\0\\23\\23070.pdf
\\1350\\CJ0104965\\KP1907501\\KP1907501.pdf,\\0\\22\\22325.pdf
\\1347\\CJ0104815\\KP1384805\\KP1384805.pdf,\\0\\21\\21625.pdf
\\1348\\CJ0104832\\KP1505893\\KP1505893.pdf,\\0\\21\\21868.pdf
\\1348\\CJ0104856\\KP1504875\\KP1504875.pdf,\\0\\22\\22415.pdf
\\1349\\CJ0104891\\KP1380553\\KP1380553.pdf,\\0\\24\\24104.pdf
\\1349\\CJ0104893\\KP1505922\\KP1505922.pdf,\\0\\24\\24133.pdf
\\1351\\CJ0105003\\KP1504593\\KP1504593.pdf,\\0\\24\\24973.pdf
\\1347\\CJ0104815\\KP1384806\\KP1384806.pdf,\\0\\21\\21624.pdf
\\1347\\CJ0104812\\KP1907558\\KP1907558.pdf,\\0\\21\\21579.pdf
\\1347\\CJ0104800\\KP1907568\\KP1907568.pdf,\\0\\21\\21278.pdf
\\1348\\CJ0104827\\KP1505608\\KP1505608.pdf,\\0\\21\\21781.pdf
\\1349\\CJ0104903\\KP1423383\\KP1423383.pdf,\\0\\22\\22203.pdf
\\1349\\CJ0104907\\KP1907777\\KP1907777.pdf,\\0\\22\\22272.pdf
\\1348\\CJ0104835\\KP1424061\\KP1424061.pdf,\\0\\21\\21909.pdf
\\1348\\CJ0104868\\KP1505672\\KP1505672.pdf,\\0\\23\\23066.pdf
\\1348\\CJ0104876\\KP1505580\\KP1505580.pdf,\\0\\23\\23415.pdf
\\1347\\CJ0104793\\KP2065064\\KP2065064.pdf,\\0\\21\\21169.pdf
\\1348\\CJ0104841\\KP1505795\\KP1505795.pdf,\\0\\21\\21992.pdf
\\1349\\CJ0104883\\KP1506097\\KP1506097.pdf,\\0\\23\\23804.pdf
\\1347\\CJ0104815\\KP1905781\\KP1905781.pdf,\\0\\21\\21627.pdf
\\1347\\CJ0104815\\KP1905779\\KP1905779.pdf,\\0\\21\\21629.pdf
\\1348\\CJ0104876\\KP1505582\\KP1505582.pdf,\\0\\23\\23417.pdf
\\1348\\CJ0104859\\KP2064447\\KP2064447.pdf,\\0\\22\\22471.pdf
\\1347\\CJ0104796\\KP1384045\\KP1384045.pdf,\\0\\21\\21214.pdf
\\1349\\CJ0104907\\KP1907783\\KP1907783.pdf,\\0\\22\\22277.pdf
\\1347\\CJ0104813\\KP1907613\\KP1907613.pdf,\\0\\21\\21587.pdf
\\1348\\CJ0104857\\KP1490556\\KP1490556.pdf,\\0\\22\\22434.pdf
\\1348\\CJ0104869\\KP1505742\\KP1505742.pdf,\\0\\23\\23075.pdf
\\1348\\CJ0104858\\KP1490575\\KP1490575.pdf,\\0\\22\\22450.pdf
\\1349\\CJ0104900\\KP1425001\\KP1425001.pdf,\\0\\24\\24451.pdf
\\1347\\CJ0104797\\KP1505872\\KP1505872.pdf,\\0\\21\\21229.pdf
\\1348\\CJ0104829\\KP1506139\\KP1506139.pdf,\\0\\21\\21818.pdf
\\1348\\CJ0104846\\KP1506819\\KP1506819.pdf,\\0\\25\\25228.pdf
\\1349\\CJ0104891\\KP1380558\\KP1380558.pdf,\\0\\24\\24099.pdf
\\1349\\CJ0104891\\KP1380555\\KP1380555.pdf,\\0\\24\\24102.pdf
\\1351\\CJ0105002\\KP1381284\\KP1381284.pdf,\\0\\24\\24956.pdf
\\1349\\CJ0104905\\KP2063471\\KP2063471.pdf,\\0\\22\\22226.pdf
\\1348\\CJ0104859\\KP2064444\\KP2064444.pdf,\\0\\22\\22468.pdf
\\1348\\CJ0104828\\KP1506179\\KP1506179.pdf,\\0\\21\\21806.pdf
\\1349\\CJ0104896\\KP1506952\\KP1506952.pdf,\\0\\24\\24391.pdf
\\1349\\CJ0104907\\KP1907782\\KP1907782.pdf,\\0\\22\\22267.pdf
\\1348\\CJ0104850\\KP1423433\\KP1423433.pdf,\\0\\22\\22111.pdf
\\1349\\CJ0104899\\KP1905767\\KP1905767.pdf,\\0\\24\\24435.pdf
\\1348\\CJ0104841\\KP1505799\\KP1505799.pdf,\\0\\21\\21998.pdf
\\1348\\CJ0104850\\KP1423424\\KP1423424.pdf,\\0\\22\\22117.pdf
\\1348\\CJ0104868\\KP1505678\\KP1505678.pdf,\\0\\23\\23063.pdf
\\1348\\CJ0104870\\KP1505753\\KP1505753.pdf,\\0\\23\\23088.pdf
\\1347\\CJ0104812\\KP1907553\\KP1907553.pdf,\\0\\21\\21582.pdf
\\1347\\CJ0104806\\KP1505810\\KP1505810.pdf,\\0\\21\\21486.pdf
\\1347\\CJ0104794\\KP1415025\\KP1415025.pdf,\\0\\21\\21193.pdf
\\1349\\CJ0104881\\KP1905730\\KP1905730.pdf,\\0\\23\\23769.pdf
\\1347\\CJ0104813\\KP1907585\\KP1907585.pdf,\\0\\21\\21601.pdf
\\1349\\CJ0104903\\KP1423395\\KP1423395.pdf,\\0\\22\\22194.pdf
\\1351\\CJ0105002\\KP2018101\\KP2018101.pdf,\\0\\24\\24963.pdf
\\1350\\CJ0104965\\KP1907504\\KP1907504.pdf,\\0\\22\\22323.pdf
\\1348\\CJ0104822\\KP1415024\\KP1415024.pdf,\\0\\21\\21715.pdf
\\1347\\CJ0104809\\KP1907076\\KP1907076.pdf,\\0\\21\\21525.pdf
\\1347\\CJ0104803\\KP1380582\\KP1380582.pdf,\\0\\21\\21443.pdf
\\1348\\CJ0104828\\KP1506172\\KP1506172.pdf,\\0\\25\\25195.pdf
\\1347\\CJ0104819\\KP1504841\\KP1504841.pdf,\\0\\21\\21677.pdf
\\1347\\CJ0104807\\KP1505824\\KP1505824.pdf,\\0\\21\\21500.pdf
\\1348\\CJ0104843\\KP1504518\\KP1504518.pdf,\\0\\22\\22022.pdf
\\1347\\CJ0104808\\KP1907094\\KP1907094.pdf,\\0\\21\\21508.pdf
\\1349\\CJ0104897\\KP1907683\\KP1907683.pdf,\\0\\24\\24403.pdf
\\1348\\CJ0104864\\KP1506073\\KP1506073.pdf,\\0\\22\\22769.pdf
\\1347\\CJ0104816\\KP1907737\\KP1907737.pdf,\\0\\21\\21643.pdf
\\1347\\CJ0104797\\KP1505895\\KP1505895.pdf,\\0\\21\\21238.pdf
\\1347\\CJ0104813\\KP1907616\\KP1907616.pdf,\\0\\21\\21585.pdf
\\1347\\CJ0104804\\KP1378456\\KP1378456.pdf,\\0\\21\\21459.pdf
\\1349\\CJ0104882\\KP1905707\\KP1905707.pdf,\\0\\23\\23776.pdf
\\1348\\CJ0104855\\KP1504847\\KP1504847.pdf,\\0\\22\\22407.pdf
\\1348\\CJ0104856\\KP1504880\\KP1504880.pdf,\\0\\22\\22410.pdf
\\1348\\CJ0104844\\KP1424055\\KP1424055.pdf,\\0\\22\\22033.pdf
\\1348\\CJ0104862\\KP1415336\\KP1415336.pdf,\\0\\22\\22748.pdf
\\1348\\CJ0104878\\KP1506771\\KP1506771.pdf,\\0\\23\\23458.pdf
\\1348\\CJ0104830\\KP1488986\\KP1488986.pdf,\\0\\21\\21838.pdf
\\1348\\CJ0104832\\KP1505883\\KP1505883.pdf,\\0\\21\\21861.pdf
\\1347\\CJ0104820\\KP1490539\\KP1490539.pdf,\\0\\21\\21688.pdf
\\1348\\CJ0104837\\KP1505553\\KP1505553.pdf,\\0\\21\\21932.pdf
\\1348\\CJ0104837\\KP1505556\\KP1505556.pdf,\\0\\21\\21935.pdf
\\1347\\CJ0104813\\KP1907602\\KP1907602.pdf,\\0\\21\\21592.pdf
\\1350\\CJ0104965\\KP1907514\\KP1907514.pdf,\\0\\22\\22336.pdf
\\1347\\CJ0104816\\KP1907751\\KP1907751.pdf,\\0\\21\\21637.pdf
\\1347\\CJ0104798\\KP2060941\\KP2060941.pdf,\\0\\21\\21242.pdf
\\1349\\CJ0104907\\KP1907785\\KP1907785.pdf,\\0\\22\\22266.pdf
\\1350\\CJ0104982\\KP1378773\\KP1378773.pdf,\\0\\23\\23044.pdf
\\1349\\CJ0104882\\KP1905715\\KP1905715.pdf,\\0\\23\\23784.pdf
\\1348\\CJ0104839\\KP1509523\\KP1509523.pdf,\\0\\21\\21953.pdf
\\1349\\CJ0104897\\KP1907682\\KP1907682.pdf,\\0\\24\\24404.pdf
\\1348\\CJ0104845\\KP2063464\\KP2063464.pdf,\\0\\22\\22042.pdf
\\1351\\CJ0105002\\KP1504586\\KP1504586.pdf,\\0\\24\\24957.pdf
\\1348\\CJ0104870\\KP1505756\\KP1505756.pdf,\\0\\23\\23087.pdf
\\1348\\CJ0104827\\KP1505623\\KP1505623.pdf,\\0\\21\\21791.pdf
\\1348\\CJ0104863\\KP1415080\\KP1415080.pdf,\\0\\22\\22756.pdf
\\1348\\CJ0104868\\KP1505674\\KP1505674.pdf,\\0\\23\\23065.pdf
\\1347\\CJ0104798\\KP1506138\\KP1506138.pdf,\\0\\21\\21247.pdf
\\1348\\CJ0104824\\KP1505635\\KP1505635.pdf,\\0\\21\\21746.pdf
\\1347\\CJ0104801\\KP1907595\\KP1907595.pdf,\\0\\21\\21289.pdf
\\1348\\CJ0104862\\KP1415092\\KP1415092.pdf,\\0\\22\\22735.pdf
\\1349\\CJ0104883\\KP1506079\\KP1506079.pdf,\\0\\23\\23792.pdf
\\1350\\CJ0104966\\KP2063429\\KP2063429.pdf,\\0\\22\\22357.pdf
\\1347\\CJ0104808\\KP1907086\\KP1907086.pdf,\\0\\21\\21513.pdf
\\1348\\CJ0104822\\KP1380779\\KP1380779.pdf,\\0\\21\\21711.pdf
\\1349\\CJ0104907\\KP1195807\\KP1195807.pdf,\\0\\22\\22262.pdf
\\1348\\CJ0104837\\KP1505561\\KP1505561.pdf,\\0\\21\\21940.pdf
\\1348\\CJ0104864\\KP1506061\\KP1506061.pdf,\\0\\22\\22762.pdf
\\1349\\CJ0104884\\KP1506125\\KP1506125.pdf,\\0\\23\\23814.pdf
\\1347\\CJ0104812\\KP1907569\\KP1907569.pdf,\\0\\21\\21572.pdf
\\1349\\CJ0104891\\KP1380554\\KP1380554.pdf,\\0\\24\\24103.pdf
\\1349\\CJ0104892\\KP1504759\\KP1504759.pdf,\\0\\24\\24125.pdf
\\1347\\CJ0104812\\KP1907559\\KP1907559.pdf,\\0\\21\\21578.pdf
\\1347\\CJ0104802\\KP1380574\\KP1380574.pdf,\\0\\21\\21415.pdf
\\1347\\CJ0104817\\KP1907701\\KP1907701.pdf,\\0\\21\\21659.pdf
\\1347\\CJ0104810\\KP1905660\\KP1905660.pdf,\\0\\21\\21541.pdf
\\1347\\CJ0104819\\KP1504830\\KP1504830.pdf,\\0\\21\\21685.pdf
\\1349\\CJ0104895\\KP1506223\\KP1506223.pdf,\\0\\24\\24364.pdf
\\1348\\CJ0104838\\KP1505563\\KP1505563.pdf,\\0\\21\\21943.pdf
\\1348\\CJ0104869\\KP1505744\\KP1505744.pdf,\\0\\23\\23074.pdf
\\1348\\CJ0104830\\KP1488977\\KP1488977.pdf,\\0\\21\\21828.pdf
\\1350\\CJ0104982\\KP1378774\\KP1378774.pdf,\\0\\23\\23045.pdf
\\1347\\CJ0104794\\KP1380790\\KP1380790.pdf,\\0\\21\\21183.pdf
\\1348\\CJ0104838\\KP1505571\\KP1505571.pdf,\\0\\21\\21950.pdf
\\1348\\CJ0104841\\KP1505794\\KP1505794.pdf,\\0\\21\\21991.pdf
\\1349\\CJ0104898\\KP1506862\\KP1506862.pdf,\\0\\24\\24427.pdf
\\1348\\CJ0104876\\KP1505584\\KP1505584.pdf,\\0\\23\\23419.pdf
\\1350\\CJ0104966\\KP2063430\\KP2063430.pdf,\\0\\22\\22355.pdf
\\1348\\CJ0104854\\KP1505844\\KP1505844.pdf,\\0\\22\\22389.pdf
\\1348\\CJ0104837\\KP1505555\\KP1505555.pdf,\\0\\25\\25230.pdf
\\1350\\CJ0104965\\KP1907845\\KP1907845.pdf,\\0\\22\\22327.pdf
\\1348\\CJ0104833\\KP1505867\\KP1505867.pdf,\\0\\21\\21883.pdf
\\1347\\CJ0104802\\KP1380571\\KP1380571.pdf,\\0\\21\\21417.pdf
\\1347\\CJ0104811\\KP1955170\\KP1955170.pdf,\\0\\21\\21556.pdf
\\1348\\CJ0104826\\KP1505637\\KP1505637.pdf,\\0\\21\\21773.pdf
\\1349\\CJ0104901\\KP1415088\\KP1415088.pdf,\\0\\22\\22160.pdf
\\1347\\CJ0104809\\KP1907070\\KP1907070.pdf,\\0\\21\\21530.pdf
\\1348\\CJ0104831\\KP1488996\\KP1488996.pdf,\\0\\21\\21848.pdf
\\1347\\CJ0104794\\KP1380792\\KP1380792.pdf,\\0\\21\\21182.pdf
\\1347\\CJ0104807\\KP1505822\\KP1505822.pdf,\\0\\21\\21498.pdf
\\1347\\CJ0104816\\KP1907742\\KP1907742.pdf,\\0\\21\\21640.pdf
\\1348\\CJ0104826\\KP1505653\\KP1505653.pdf,\\0\\21\\21764.pdf
\\1348\\CJ0104839\\KP1384150\\KP1384150.pdf,\\0\\21\\21962.pdf
\\1348\\CJ0104868\\KP1505665\\KP1505665.pdf,\\0\\23\\23069.pdf
\\1349\\CJ0104893\\KP1504728\\KP1504728.pdf,\\0\\24\\24136.pdf
\\1351\\CJ0105016\\KP1378241\\KP1378241.pdf,\\0\\24\\24671.pdf
\\1347\\CJ0104817\\KP1907722\\KP1907722.pdf,\\0\\21\\21651.pdf
\\1348\\CJ0104854\\KP1505848\\KP1505848.pdf,\\0\\22\\22393.pdf
\\1349\\CJ0104906\\KP1907057\\KP1907057.pdf,\\0\\22\\22245.pdf
\\1349\\CJ0104885\\KP1907528\\KP1907528.pdf,\\0\\23\\23825.pdf
\\1351\\CJ0105041\\KP2021870\\KP2021870.pdf,\\0\\24\\24352.pdf
\\1349\\CJ0104892\\KP1504744\\KP1504744.pdf,\\0\\24\\24113.pdf
\\1348\\CJ0104845\\KP2063458\\KP2063458.pdf,\\0\\22\\22043.pdf
\\1347\\CJ0104802\\KP1380575\\KP1380575.pdf,\\0\\21\\21414.pdf
\\1350\\CJ0104966\\KP2063421\\KP2063421.pdf,\\0\\22\\22348.pdf
\\1348\\CJ0104845\\KP2063452\\KP2063452.pdf,\\0\\22\\22045.pdf
\\1348\\CJ0104835\\KP1424066\\KP1424066.pdf,\\0\\21\\21908.pdf
\\1348\\CJ0104830\\KP1488983\\KP1488983.pdf,\\0\\21\\21835.pdf
\\1347\\CJ0104813\\KP1907600\\KP1907600.pdf,\\0\\21\\21593.pdf
\\1349\\CJ0104882\\KP1905710\\KP1905710.pdf,\\0\\23\\23779.pdf
\\1349\\CJ0104888\\KP1506218\\KP1506218.pdf,\\0\\24\\24058.pdf
\\1348\\CJ0104856\\KP1504868\\KP1504868.pdf,\\0\\22\\22422.pdf
\\1348\\CJ0104863\\KP1415086\\KP1415086.pdf,\\0\\22\\22758.pdf
\\1351\\CJ0105007\\KP1423203\\KP1423203.pdf,\\0\\25\\25019.pdf
\\1348\\CJ0104821\\KP1381106\\KP1381106.pdf,\\0\\21\\21705.pdf
\\1347\\CJ0104803\\KP1380579\\KP1380579.pdf,\\0\\21\\21446.pdf
\\1347\\CJ0104803\\KP1380578\\KP1380578.pdf,\\0\\21\\21447.pdf
\\1348\\CJ0104836\\KP1424048\\KP1424048.pdf,\\0\\21\\21919.pdf
\\1348\\CJ0104827\\KP1384088\\KP1384088.pdf,\\0\\21\\21780.pdf
\\1349\\CJ0104896\\KP1506947\\KP1506947.pdf,\\0\\24\\24386.pdf
\\1348\\CJ0104844\\KP1424068\\KP1424068.pdf,\\0\\22\\22028.pdf
\\1348\\CJ0104856\\KP1504869\\KP1504869.pdf,\\0\\22\\22421.pdf
\\1349\\CJ0104903\\KP1423397\\KP1423397.pdf,\\0\\22\\22193.pdf
\\1347\\CJ0104795\\KP1415035\\KP1415035.pdf,\\0\\21\\21198.pdf
\\1348\\CJ0104828\\KP1506184\\KP1506184.pdf,\\0\\21\\21810.pdf
\\1348\\CJ0104855\\KP1504861\\KP1504861.pdf,\\0\\22\\22399.pdf
\\1348\\CJ0104864\\KP1506058\\KP1506058.pdf,\\0\\22\\22760.pdf
\\1349\\CJ0104903\\KP1423389\\KP1423389.pdf,\\0\\22\\22199.pdf
\\1348\\CJ0104829\\KP2060944\\KP2060944.pdf,\\0\\21\\21814.pdf
\\1348\\CJ0104822\\KP1415038\\KP1415038.pdf,\\0\\21\\21722.pdf
\\1347\\CJ0104820\\KP1490538\\KP1490538.pdf,\\0\\21\\21687.pdf
\\1348\\CJ0104843\\KP1504526\\KP1504526.pdf,\\0\\22\\22014.pdf
\\1349\\CJ0104896\\KP1506948\\KP1506948.pdf,\\0\\24\\24387.pdf
\\1347\\CJ0104801\\KP1907588\\KP1907588.pdf,\\0\\21\\21298.pdf
\\1347\\CJ0104809\\KP1907071\\KP1907071.pdf,\\0\\21\\21529.pdf
\\1348\\CJ0104840\\KP2064438\\KP2064438.pdf,\\0\\21\\21978.pdf
\\1347\\CJ0104820\\KP1490540\\KP1490540.pdf,\\0\\21\\21689.pdf
\\1349\\CJ0104891\\KP1380556\\KP1380556.pdf,\\0\\24\\24101.pdf
\\1348\\CJ0104835\\KP1424073\\KP1424073.pdf,\\0\\21\\21904.pdf
\\1347\\CJ0104818\\KP1504819\\KP1504819.pdf,\\0\\21\\21668.pdf
\\1348\\CJ0104841\\KP1505791\\KP1505791.pdf,\\0\\21\\21988.pdf
\\1349\\CJ0104897\\KP1907691\\KP1907691.pdf,\\0\\24\\24399.pdf
\\1348\\CJ0104829\\KP2060943\\KP2060943.pdf,\\0\\21\\21813.pdf
\\1348\\CJ0104854\\KP1505846\\KP1505846.pdf,\\0\\22\\22391.pdf
\\1348\\CJ0104856\\KP1504876\\KP1504876.pdf,\\0\\22\\22414.pdf
\\1348\\CJ0104839\\KP1504501\\KP1504501.pdf,\\0\\21\\21963.pdf
\\1349\\CJ0104898\\KP1506858\\KP1506858.pdf,\\0\\24\\24423.pdf
\\1351\\CJ0105017\\KP1422130\\KP1422130.pdf,\\0\\24\\24680.pdf
\\1348\\CJ0104876\\KP1505590\\KP1505590.pdf,\\0\\23\\23425.pdf
\\1348\\CJ0104830\\KP1488993\\KP1488993.pdf,\\0\\21\\21845.pdf
\\1350\\CJ0104966\\KP2063426\\KP2063426.pdf,\\0\\22\\22353.pdf
\\1349\\CJ0104902\\KP1423401\\KP1423401.pdf,\\0\\22\\22190.pdf
\\1347\\CJ0104813\\KP1907599\\KP1907599.pdf,\\0\\21\\21594.pdf
\\1348\\CJ0104856\\KP1504881\\KP1504881.pdf,\\0\\22\\22409.pdf
\\1348\\CJ0104828\\KP1506183\\KP1506183.pdf,\\0\\21\\21809.pdf
\\1348\\CJ0104834\\KP2063281\\KP2063281.pdf,\\0\\21\\21891.pdf
\\1349\\CJ0104901\\KP1415106\\KP1415106.pdf,\\0\\22\\22171.pdf
\\1348\\CJ0104845\\KP2063469\\KP2063469.pdf,\\0\\22\\22041.pdf
\\1348\\CJ0104831\\KP1488994\\KP1488994.pdf,\\0\\21\\21846.pdf
\\1347\\CJ0104813\\KP1907605\\KP1907605.pdf,\\0\\21\\21591.pdf
\\1349\\CJ0104882\\KP1905711\\KP1905711.pdf,\\0\\23\\23780.pdf
\\1351\\CJ0105003\\KP1996701\\KP1996701.pdf,\\0\\24\\24969.pdf
\\1349\\CJ0104899\\KP1905770\\KP1905770.pdf,\\0\\24\\24432.pdf
\\1348\\CJ0104858\\KP1490577\\KP1490577.pdf,\\0\\22\\22451.pdf
\\1349\\CJ0104900\\KP1425004\\KP1425004.pdf,\\0\\24\\24453.pdf
\\1347\\CJ0104797\\KP1505876\\KP1505876.pdf,\\0\\21\\21231.pdf
\\1347\\CJ0104813\\KP1907596\\KP1907596.pdf,\\0\\21\\21596.pdf
\\1349\\CJ0104893\\KP1505925\\KP1505925.pdf,\\0\\24\\24135.pdf
\\1347\\CJ0104817\\KP1907698\\KP1907698.pdf,\\0\\21\\21660.pdf
\\1349\\CJ0104881\\KP1905716\\KP1905716.pdf,\\0\\23\\23755.pdf
\\1348\\CJ0104846\\KP1506814\\KP1506814.pdf,\\0\\22\\22061.pdf
\\1349\\CJ0104883\\KP1506093\\KP1506093.pdf,\\0\\23\\23801.pdf
\\1349\\CJ0104893\\KP1504741\\KP1504741.pdf,\\0\\24\\24144.pdf
\\1348\\CJ0104835\\KP1424060\\KP1424060.pdf,\\0\\21\\21910.pdf
\\1350\\CJ0104982\\KP1378784\\KP1378784.pdf,\\0\\23\\23054.pdf
\\1349\\CJ0104896\\KP1506944\\KP1506944.pdf,\\0\\24\\24383.pdf
\\1349\\CJ0104897\\KP2026169\\KP2026169.pdf,\\0\\24\\24414.pdf
\\1349\\CJ0104898\\KP1506857\\KP1506857.pdf,\\0\\24\\24422.pdf
\\1349\\CJ0104903\\KP1423379\\KP1423379.pdf,\\0\\22\\22206.pdf
\\1348\\CJ0104869\\KP1505734\\KP1505734.pdf,\\0\\23\\23080.pdf
\\1347\\CJ0104816\\KP1907753\\KP1907753.pdf,\\0\\21\\21636.pdf
\\1347\\CJ0104817\\KP1907694\\KP1907694.pdf,\\0\\21\\21662.pdf
\\1347\\CJ0104793\\KP2065063\\KP2065063.pdf,\\0\\21\\21170.pdf
\\1348\\CJ0104863\\KP1415078\\KP1415078.pdf,\\0\\22\\22755.pdf
\\1348\\CJ0104830\\KP1488988\\KP1488988.pdf,\\0\\21\\21840.pdf
\\1348\\CJ0104824\\KP1505658\\KP1505658.pdf,\\0\\21\\21734.pdf
\\1347\\CJ0104787\\KP1504860\\KP1504860.pdf,\\0\\25\\25235.pdf
\\1347\\CJ0104800\\KP1907576\\KP1907576.pdf,\\0\\21\\21274.pdf
\\1348\\CJ0104864\\KP1506078\\KP1506078.pdf,\\0\\22\\22771.pdf
\\1350\\CJ0104965\\KP1907846\\KP1907846.pdf,\\0\\22\\22326.pdf
\\1348\\CJ0104830\\KP1488982\\KP1488982.pdf,\\0\\21\\21834.pdf
\\1350\\CJ0104966\\KP2063422\\KP2063422.pdf,\\0\\22\\22349.pdf
\\1348\\CJ0104842\\KP1504503\\KP1504503.pdf,\\0\\22\\22008.pdf
\\1349\\CJ0104897\\KP2026175\\KP2026175.pdf,\\0\\24\\24411.pdf
\\1349\\CJ0104884\\KP1506122\\KP1506122.pdf,\\0\\23\\23812.pdf
\\1347\\CJ0104795\\KP1415030\\KP1415030.pdf,\\0\\21\\21195.pdf
\\1348\\CJ0104833\\KP1505875\\KP1505875.pdf,\\0\\21\\21887.pdf
\\1347\\CJ0104798\\KP1506146\\KP1506146.pdf,\\0\\21\\21251.pdf
\\1347\\CJ0104773\\KP1907625\\KP1907625.pdf,\\0\\25\\25191.pdf
\\1347\\CJ0104806\\KP1505811\\KP1505811.pdf,\\0\\21\\21487.pdf
\\1349\\CJ0104895\\KP1506214\\KP1506214.pdf,\\0\\24\\24358.pdf
\\1349\\CJ0104892\\KP1504750\\KP1504750.pdf,\\0\\24\\24117.pdf
\\1348\\CJ0104864\\KP1506059\\KP1506059.pdf,\\0\\22\\22761.pdf
\\1351\\CJ0105001\\KP1378804\\KP1378804.pdf,\\0\\24\\24936.pdf
\\1351\\CJ0105002\\KP1422132\\KP1422132.pdf,\\0\\24\\24950.pdf
\\1350\\CJ0104965\\KP1907506\\KP1907506.pdf,\\0\\22\\22322.pdf
\\1348\\CJ0104850\\KP1423420\\KP1423420.pdf,\\0\\22\\22121.pdf
\\1349\\CJ0104901\\KP1415113\\KP1415113.pdf,\\0\\22\\22174.pdf
\\1349\\CJ0104899\\KP1905759\\KP1905759.pdf,\\0\\24\\24443.pdf
\\1349\\CJ0104885\\KP1907523\\KP1907523.pdf,\\0\\23\\23828.pdf
\\1348\\CJ0104841\\KP1505787\\KP1505787.pdf,\\0\\21\\21984.pdf
\\1347\\CJ0104800\\KP1907555\\KP1907555.pdf,\\0\\21\\21282.pdf
\\1349\\CJ0104897\\KP1907686\\KP1907686.pdf,\\0\\24\\24402.pdf
\\1348\\CJ0104839\\KP1384149\\KP1384149.pdf,\\0\\21\\21957.pdf
\\1348\\CJ0104863\\KP1415073\\KP1415073.pdf,\\0\\22\\22753.pdf
\\1349\\CJ0104899\\KP1905761\\KP1905761.pdf,\\0\\24\\24441.pdf
\\1350\\CJ0104965\\KP1907840\\KP1907840.pdf,\\0\\22\\22331.pdf
\\1347\\CJ0104812\\KP1907556\\KP1907556.pdf,\\0\\21\\21581.pdf
\\1348\\CJ0104826\\KP1505657\\KP1505657.pdf,\\0\\21\\21762.pdf
\\1348\\CJ0104846\\KP1506825\\KP1506825.pdf,\\0\\22\\22056.pdf
\\1348\\CJ0104854\\KP1505850\\KP1505850.pdf,\\0\\22\\22395.pdf
\\1349\\CJ0104882\\KP1905706\\KP1905706.pdf,\\0\\23\\23775.pdf
\\1348\\CJ0104834\\KP1506430\\KP1506430.pdf,\\0\\21\\21893.pdf
\\1348\\CJ0104822\\KP1380773\\KP1380773.pdf,\\0\\21\\21714.pdf
\\1348\\CJ0104844\\KP1424070\\KP1424070.pdf,\\0\\22\\22027.pdf
\\1349\\CJ0104892\\KP1505699\\KP1505699.pdf,\\0\\24\\24124.pdf
\\1348\\CJ0104862\\KP1415104\\KP1415104.pdf,\\0\\22\\22741.pdf
\\1348\\CJ0104840\\KP2064430\\KP2064430.pdf,\\0\\21\\21970.pdf
\\1348\\CJ0104840\\KP2064432\\KP2064432.pdf,\\0\\21\\21972.pdf
\\1348\\CJ0104839\\KP1506462\\KP1506462.pdf,\\0\\21\\21958.pdf
\\1351\\CJ0105003\\KP1504594\\KP1504594.pdf,\\0\\24\\24972.pdf
\\1348\\CJ0104876\\KP1505587\\KP1505587.pdf,\\0\\23\\23422.pdf
\\1347\\CJ0104802\\KP1380566\\KP1380566.pdf,\\0\\21\\21422.pdf
\\1348\\CJ0104823\\KP1380795\\KP1380795.pdf,\\0\\21\\21726.pdf
\\1348\\CJ0104846\\KP1506832\\KP1506832.pdf,\\0\\22\\22052.pdf
\\1349\\CJ0104896\\KP1506951\\KP1506951.pdf,\\0\\24\\24390.pdf
\\1348\\CJ0104839\\KP1504507\\KP1504507.pdf,\\0\\21\\21968.pdf
\\1350\\CJ0104948\\KP1490951\\KP1490951.pdf,\\0\\24\\24168.pdf
\\1348\\CJ0104870\\KP1384637\\KP1384637.pdf,\\0\\23\\23091.pdf
\\1348\\CJ0104841\\KP1505796\\KP1505796.pdf,\\0\\21\\21993.pdf
\\1349\\CJ0104902\\KP1423410\\KP1423410.pdf,\\0\\22\\22183.pdf
\\1347\\CJ0104800\\KP1907573\\KP1907573.pdf,\\0\\21\\21276.pdf
\\1348\\CJ0104826\\KP1505634\\KP1505634.pdf,\\0\\21\\21775.pdf
\\1348\\CJ0104846\\KP1506808\\KP1506808.pdf,\\0\\25\\25233.pdf
\\1349\\CJ0104906\\KP1907058\\KP1907058.pdf,\\0\\22\\22242.pdf
\\1348\\CJ0104878\\KP1506793\\KP1506793.pdf,\\0\\23\\23449.pdf
\\1349\\CJ0104907\\KP1907787\\KP1907787.pdf,\\0\\22\\22263.pdf
\\1348\\CJ0104840\\KP2064435\\KP2064435.pdf,\\0\\21\\21975.pdf
\\1347\\CJ0104811\\KP1506844\\KP1506844.pdf,\\0\\21\\21563.pdf
\\1348\\CJ0104846\\KP1506821\\KP1506821.pdf,\\0\\22\\22058.pdf
\\1347\\CJ0104801\\KP1907601\\KP1907601.pdf,\\0\\21\\21287.pdf
\\1349\\CJ0104906\\KP1907054\\KP1907054.pdf,\\0\\22\\22247.pdf
\\1350\\CJ0104965\\KP1907837\\KP1907837.pdf,\\0\\22\\22333.pdf
\\1348\\CJ0104830\\KP1488980\\KP1488980.pdf,\\0\\21\\21832.pdf
\\1349\\CJ0104902\\KP1423418\\KP1423418.pdf,\\0\\22\\22176.pdf
\\1349\\CJ0104905\\KP2063475\\KP2063475.pdf,\\0\\22\\22239.pdf
\\1348\\CJ0104822\\KP1415031\\KP1415031.pdf,\\0\\21\\21719.pdf
\\1347\\CJ0104809\\KP1907072\\KP1907072.pdf,\\0\\21\\21528.pdf
\\1348\\CJ0104850\\KP1423429\\KP1423429.pdf,\\0\\22\\22114.pdf
\\1349\\CJ0104883\\KP1506070\\KP1506070.pdf,\\0\\23\\23787.pdf
\\1349\\CJ0104884\\KP1506102\\KP1506102.pdf,\\0\\23\\23806.pdf
\\1348\\CJ0104878\\KP1506784\\KP1506784.pdf,\\0\\23\\23452.pdf
\\1347\\CJ0104803\\KP1271421\\KP1271421.pdf,\\0\\21\\21439.pdf
\\1348\\CJ0104832\\KP1505896\\KP1505896.pdf,\\0\\21\\21870.pdf
\\1349\\CJ0104883\\KP1506081\\KP1506081.pdf,\\0\\23\\23793.pdf
\\1348\\CJ0104862\\KP1415112\\KP1415112.pdf,\\0\\22\\22745.pdf
\\1349\\CJ0104906\\KP1907051\\KP1907051.pdf,\\0\\22\\22249.pdf
\\1349\\CJ0104893\\KP1504733\\KP1504733.pdf,\\0\\24\\24139.pdf
\\1349\\CJ0104905\\KP2063467\\KP2063467.pdf,\\0\\22\\22229.pdf
\\1350\\CJ0104966\\KP2063417\\KP2063417.pdf,\\0\\22\\22345.pdf
\\1347\\CJ0104820\\KP1490545\\KP1490545.pdf,\\0\\21\\21694.pdf
\\1348\\CJ0104845\\KP2063481\\KP2063481.pdf,\\0\\22\\22038.pdf
\\1348\\CJ0104878\\KP1506774\\KP1506774.pdf,\\0\\23\\23456.pdf
\\1348\\CJ0104869\\KP1505735\\KP1505735.pdf,\\0\\23\\23079.pdf
\\1348\\CJ0104876\\KP1505581\\KP1505581.pdf,\\0\\23\\23416.pdf
\\1349\\CJ0104907\\KP1907784\\KP1907784.pdf,\\0\\22\\22265.pdf
\\1347\\CJ0104798\\KP1506141\\KP1506141.pdf,\\0\\21\\21248.pdf
\\1347\\CJ0104803\\KP1490220\\KP1490220.pdf,\\0\\21\\21433.pdf
\\1348\\CJ0104831\\KP1489002\\KP1489002.pdf,\\0\\21\\21854.pdf
\\1348\\CJ0104843\\KP1504523\\KP1504523.pdf,\\0\\22\\22017.pdf
\\1349\\CJ0104882\\KP1905709\\KP1905709.pdf,\\0\\23\\23778.pdf
\\1348\\CJ0104833\\KP1505874\\KP1505874.pdf,\\0\\21\\21886.pdf
\\1347\\CJ0104802\\KP1380573\\KP1380573.pdf,\\0\\21\\21429.pdf
\\1347\\CJ0104803\\KP1380584\\KP1380584.pdf,\\0\\21\\21441.pdf
\\1347\\CJ0104799\\KP1506169\\KP1506169.pdf,\\0\\21\\21265.pdf
\\1349\\CJ0104901\\KP1415094\\KP1415094.pdf,\\0\\22\\22164.pdf
\\1348\\CJ0104850\\KP1423421\\KP1423421.pdf,\\0\\25\\25237.pdf
\\1349\\CJ0104893\\KP1504735\\KP1504735.pdf,\\0\\24\\24140.pdf
\\1347\\CJ0104812\\KP1907571\\KP1907571.pdf,\\0\\21\\21571.pdf
\\1347\\CJ0104811\\KP1506842\\KP1506842.pdf,\\0\\21\\21561.pdf
\\1348\\CJ0104850\\KP1423435\\KP1423435.pdf,\\0\\22\\22109.pdf
\\1348\\CJ0104857\\KP1490559\\KP1490559.pdf,\\0\\22\\22431.pdf
\\1349\\CJ0104884\\KP1506117\\KP1506117.pdf,\\0\\23\\23810.pdf
\\1349\\CJ0104903\\KP1423390\\KP1423390.pdf,\\0\\22\\22198.pdf
\\1351\\CJ0105017\\KP1422125\\KP1422125.pdf,\\0\\24\\24683.pdf
\\1348\\CJ0104834\\KP1506431\\KP1506431.pdf,\\0\\21\\21894.pdf
\\1348\\CJ0104835\\KP1424069\\KP1424069.pdf,\\0\\21\\21906.pdf
\\1348\\CJ0104832\\KP1505886\\KP1505886.pdf,\\0\\21\\21863.pdf
\\1349\\CJ0104902\\KP1423407\\KP1423407.pdf,\\0\\22\\22185.pdf
\\1349\\CJ0104884\\KP1506111\\KP1506111.pdf,\\0\\23\\23808.pdf
\\1350\\CJ0104965\\KP1907842\\KP1907842.pdf,\\0\\22\\22329.pdf
\\1348\\CJ0104836\\KP2063480\\KP2063480.pdf,\\0\\21\\21925.pdf
\\1348\\CJ0104839\\KP1504502\\KP1504502.pdf,\\0\\21\\21965.pdf
\\1348\\CJ0104821\\KP1381097\\KP1381097.pdf,\\0\\21\\21699.pdf
\\1348\\CJ0104835\\KP1424052\\KP1424052.pdf,\\0\\21\\21916.pdf
\\1347\\CJ0104799\\KP1506160\\KP1506160.pdf,\\0\\21\\21259.pdf
\\1350\\CJ0104949\\KP1384618\\KP1384618.pdf,\\0\\24\\24194.pdf
\\1347\\CJ0104800\\KP1907560\\KP1907560.pdf,\\0\\21\\21281.pdf
\\1347\\CJ0104801\\KP1907603\\KP1907603.pdf,\\0\\21\\21286.pdf
\\1348\\CJ0104862\\KP1415095\\KP1415095.pdf,\\0\\22\\22736.pdf
\\1349\\CJ0104891\\KP1380552\\KP1380552.pdf,\\0\\24\\24105.pdf
\\1348\\CJ0104864\\KP1506063\\KP1506063.pdf,\\0\\22\\22763.pdf
\\1348\\CJ0104830\\KP1488985\\KP1488985.pdf,\\0\\21\\21837.pdf
\\1347\\CJ0104818\\KP1504821\\KP1504821.pdf,\\0\\21\\21667.pdf
\\1348\\CJ0104840\\KP1505782\\KP1505782.pdf,\\0\\21\\21981.pdf
\\1348\\CJ0104831\\KP1489007\\KP1489007.pdf,\\0\\21\\21859.pdf
\\1348\\CJ0104841\\KP1505798\\KP1505798.pdf,\\0\\21\\21995.pdf
\\1349\\CJ0104902\\KP1423413\\KP1423413.pdf,\\0\\22\\22180.pdf
\\1347\\CJ0104804\\KP1378459\\KP1378459.pdf,\\0\\21\\21455.pdf
\\1349\\CJ0104881\\KP1905722\\KP1905722.pdf,\\0\\23\\23761.pdf
\\1347\\CJ0104801\\KP1907592\\KP1907592.pdf,\\0\\21\\21300.pdf
\\1348\\CJ0104844\\KP1424059\\KP1424059.pdf,\\0\\22\\22032.pdf
\\1348\\CJ0104829\\KP2060940\\KP2060940.pdf,\\0\\21\\21811.pdf
\\1348\\CJ0104829\\KP2060942\\KP2060942.pdf,\\0\\21\\21812.pdf
\\1347\\CJ0104820\\KP1490543\\KP1490543.pdf,\\0\\21\\21691.pdf
\\1348\\CJ0104839\\KP1504506\\KP1504506.pdf,\\0\\21\\21967.pdf
\\1349\\CJ0104892\\KP1504755\\KP1504755.pdf,\\0\\24\\24120.pdf
\\1350\\CJ0104965\\KP1907835\\KP1907835.pdf,\\0\\22\\22334.pdf
\\1348\\CJ0104828\\KP1506180\\KP1506180.pdf,\\0\\21\\21807.pdf
\\1348\\CJ0104835\\KP1424053\\KP1424053.pdf,\\0\\21\\21915.pdf
\\1348\\CJ0104868\\KP1505666\\KP1505666.pdf,\\0\\23\\23068.pdf
\\1351\\CJ0105002\\KP2018107\\KP2018107.pdf,\\0\\24\\24959.pdf
\\1348\\CJ0104858\\KP1490578\\KP1490578.pdf,\\0\\22\\22454.pdf
\\1351\\CJ0105017\\KP1381281\\KP1381281.pdf,\\0\\25\\25503.pdf
\\1350\\CJ0104966\\KP2063424\\KP2063424.pdf,\\0\\22\\22351.pdf
\\1348\\CJ0104823\\KP1380785\\KP1380785.pdf,\\0\\21\\21732.pdf
\\1347\\CJ0104806\\KP2060445\\KP2060445.pdf,\\0\\21\\21480.pdf
\\1348\\CJ0104878\\KP1506796\\KP1506796.pdf,\\0\\23\\23448.pdf
\\1348\\CJ0104878\\KP1506773\\KP1506773.pdf,\\0\\23\\23457.pdf
\\1350\\CJ0104966\\KP2063416\\KP2063416.pdf,\\0\\22\\22344.pdf
\\1350\\CJ0104966\\KP2063428\\KP2063428.pdf,\\0\\22\\22356.pdf
\\1348\\CJ0104826\\KP1505661\\KP1505661.pdf,\\0\\21\\21760.pdf
\\1349\\CJ0104902\\KP1423411\\KP1423411.pdf,\\0\\22\\22182.pdf
\\1347\\CJ0104804\\KP1378463\\KP1378463.pdf,\\0\\21\\21450.pdf
\\1348\\CJ0104837\\KP1505557\\KP1505557.pdf,\\0\\21\\21936.pdf
\\1348\\CJ0104826\\KP1505650\\KP1505650.pdf,\\0\\21\\21766.pdf
\\1348\\CJ0104840\\KP1505783\\KP1505783.pdf,\\0\\21\\21982.pdf
\\1347\\CJ0104819\\KP1504842\\KP1504842.pdf,\\0\\21\\21676.pdf
\\1347\\CJ0104799\\KP1506167\\KP1506167.pdf,\\0\\21\\21264.pdf
\\1347\\CJ0104794\\KP1380794\\KP1380794.pdf,\\0\\21\\21181.pdf
\\1349\\CJ0104903\\KP1423394\\KP1423394.pdf,\\0\\22\\22195.pdf
\\1349\\CJ0104894\\KP1506205\\KP1506205.pdf,\\0\\24\\24158.pdf
\\1348\\CJ0104870\\KP1505755\\KP1505755.pdf,\\0\\23\\23089.pdf
\\1347\\CJ0104812\\KP1907581\\KP1907581.pdf,\\0\\21\\21567.pdf
\\1349\\CJ0104898\\KP1506848\\KP1506848.pdf,\\0\\24\\24415.pdf
\\1348\\CJ0104868\\KP1505717\\KP1505717.pdf,\\0\\23\\23062.pdf
\\1348\\CJ0104870\\KP1505750\\KP1505750.pdf,\\0\\23\\23092.pdf
\\1347\\CJ0104812\\KP1907562\\KP1907562.pdf,\\0\\21\\21576.pdf
\\1348\\CJ0104830\\KP1488989\\KP1488989.pdf,\\0\\21\\21841.pdf
\\1349\\CJ0104902\\KP1423405\\KP1423405.pdf,\\0\\22\\22187.pdf
\\1349\\CJ0104901\\KP1415091\\KP1415091.pdf,\\0\\22\\22162.pdf
\\1348\\CJ0104827\\KP1505624\\KP1505624.pdf,\\0\\21\\21792.pdf
\\1349\\CJ0104883\\KP1506071\\KP1506071.pdf,\\0\\23\\23786.pdf
\\1347\\CJ0104809\\KP1907080\\KP1907080.pdf,\\0\\21\\21522.pdf
\\1349\\CJ0104906\\KP1907050\\KP1907050.pdf,\\0\\22\\22250.pdf
\\1348\\CJ0104868\\KP1505720\\KP1505720.pdf,\\0\\23\\23060.pdf
\\1348\\CJ0104845\\KP2063442\\KP2063442.pdf,\\0\\22\\22048.pdf
\\1347\\CJ0104796\\KP1505853\\KP1505853.pdf,\\0\\21\\21217.pdf
\\1348\\CJ0104823\\KP1380793\\KP1380793.pdf,\\0\\21\\21727.pdf
\\1347\\CJ0104793\\KP1423477\\KP1423477.pdf,\\0\\21\\21174.pdf
\\1347\\CJ0104813\\KP1907586\\KP1907586.pdf,\\0\\21\\21600.pdf
\\1349\\CJ0104888\\KP1506222\\KP1506222.pdf,\\0\\24\\24060.pdf
\\1348\\CJ0104878\\KP1506768\\KP1506768.pdf,\\0\\23\\23460.pdf
\\1347\\CJ0104810\\KP1905664\\KP1905664.pdf,\\0\\21\\21537.pdf
\\1348\\CJ0104831\\KP1489004\\KP1489004.pdf,\\0\\21\\21856.pdf
\\1348\\CJ0104827\\KP2064428\\KP2064428.pdf,\\0\\21\\21777.pdf
\\1348\\CJ0104832\\KP1505897\\KP1505897.pdf,\\0\\21\\21871.pdf
\\1348\\CJ0104837\\KP1422329\\KP1422329.pdf,\\0\\21\\21929.pdf
\\1348\\CJ0104826\\KP1505643\\KP1505643.pdf,\\0\\21\\21770.pdf
\\1349\\CJ0104906\\KP1907059\\KP1907059.pdf,\\0\\22\\22241.pdf
\\1347\\CJ0104817\\KP1907713\\KP1907713.pdf,\\0\\21\\21654.pdf
\\1347\\CJ0104803\\KP1380585\\KP1380585.pdf,\\0\\21\\21440.pdf
\\1347\\CJ0104815\\KP2064687\\KP2064687.pdf,\\0\\21\\21621.pdf
\\1347\\CJ0104798\\KP1506132\\KP1506132.pdf,\\0\\21\\21244.pdf
\\1349\\CJ0104897\\KP1907693\\KP1907693.pdf,\\0\\24\\24397.pdf
\\1349\\CJ0104883\\KP1506088\\KP1506088.pdf,\\0\\23\\23798.pdf
\\1347\\CJ0104796\\KP1384046\\KP1384046.pdf,\\0\\21\\21215.pdf
\\1347\\CJ0104816\\KP1907730\\KP1907730.pdf,\\0\\21\\21646.pdf
\\1347\\CJ0104801\\KP1907608\\KP1907608.pdf,\\0\\21\\21292.pdf
\\1347\\CJ0104813\\KP1907598\\KP1907598.pdf,\\0\\21\\21595.pdf
\\1349\\CJ0104896\\KP1506945\\KP1506945.pdf,\\0\\24\\24384.pdf
\\1349\\CJ0104897\\KP2026176\\KP2026176.pdf,\\0\\24\\24409.pdf
\\1348\\CJ0104858\\KP1490576\\KP1490576.pdf,\\0\\22\\22453.pdf
\\1348\\CJ0104870\\KP1505752\\KP1505752.pdf,\\0\\23\\23090.pdf
\\1347\\CJ0104802\\KP1380568\\KP1380568.pdf,\\0\\21\\21420.pdf
\\1347\\CJ0104810\\KP1905657\\KP1905657.pdf,\\0\\21\\21543.pdf
\\1347\\CJ0104793\\KP1423469\\KP1423469.pdf,\\0\\21\\21179.pdf
\\1347\\CJ0104794\\KP2062986\\KP2062986.pdf,\\0\\21\\21192.pdf
\\1347\\CJ0104804\\KP2065426\\KP2065426.pdf,\\0\\21\\21460.pdf
\\1349\\CJ0104901\\KP1415105\\KP1415105.pdf,\\0\\22\\22170.pdf
\\1348\\CJ0104840\\KP2064433\\KP2064433.pdf,\\0\\21\\21973.pdf
\\1347\\CJ0104801\\KP1907597\\KP1907597.pdf,\\0\\21\\21288.pdf
\\1348\\CJ0104839\\KP1384148\\KP1384148.pdf,\\0\\21\\21956.pdf
\\1349\\CJ0104900\\KP1415116\\KP1415116.pdf,\\0\\24\\24447.pdf
\\1348\\CJ0104822\\KP1380775\\KP1380775.pdf,\\0\\21\\21713.pdf
\\1348\\CJ0104831\\KP1488997\\KP1488997.pdf,\\0\\21\\21849.pdf
\\1348\\CJ0104835\\KP1424051\\KP1424051.pdf,\\0\\21\\21917.pdf
\\1348\\CJ0104827\\KP1505620\\KP1505620.pdf,\\0\\21\\21789.pdf
\\1348\\CJ0104839\\KP1907073\\KP1907073.pdf,\\0\\21\\21964.pdf
\\1349\\CJ0104899\\KP1905757\\KP1905757.pdf,\\0\\24\\24445.pdf
\\1349\\CJ0104897\\KP2026181\\KP2026181.pdf,\\0\\24\\24406.pdf
\\1351\\CJ0105002\\KP1422131\\KP1422131.pdf,\\0\\24\\24951.pdf
\\1347\\CJ0104818\\KP1907326\\KP1907326.pdf,\\0\\21\\21672.pdf
\\1349\\CJ0104896\\KP1506937\\KP1506937.pdf,\\0\\24\\24377.pdf
\\1349\\CJ0104892\\KP1504752\\KP1504752.pdf,\\0\\24\\24118.pdf
\\1347\\CJ0104810\\KP1905662\\KP1905662.pdf,\\0\\21\\21539.pdf
\\1347\\CJ0104798\\KP1506154\\KP1506154.pdf,\\0\\21\\21255.pdf
\\1348\\CJ0104857\\KP1490565\\KP1490565.pdf,\\0\\22\\22425.pdf
\\1351\\CJ0105016\\KP1491785\\KP1491785.pdf,\\0\\24\\24661.pdf
\\1351\\CJ0105016\\KP1378234\\KP1378234.pdf,\\0\\24\\24672.pdf
\\1348\\CJ0104829\\KP1506143\\KP1506143.pdf,\\0\\21\\21820.pdf
\\1347\\CJ0104813\\KP1907615\\KP1907615.pdf,\\0\\21\\21586.pdf
\\1347\\CJ0104771\\KP1907345\\KP1907345.pdf,\\0\\25\\25241.pdf
\\1348\\CJ0104859\\KP2064443\\KP2064443.pdf,\\0\\22\\22467.pdf
\\1348\\CJ0104824\\KP1505654\\KP1505654.pdf,\\0\\21\\21735.pdf
\\1347\\CJ0104794\\KP1380787\\KP1380787.pdf,\\0\\21\\21184.pdf
\\1349\\CJ0104895\\KP1506221\\KP1506221.pdf,\\0\\24\\24363.pdf
\\1349\\CJ0104906\\KP1907053\\KP1907053.pdf,\\0\\22\\22244.pdf
\\1348\\CJ0104869\\KP1505737\\KP1505737.pdf,\\0\\23\\23078.pdf
\\1349\\CJ0104899\\KP1905762\\KP1905762.pdf,\\0\\24\\24440.pdf
\\1347\\CJ0104816\\KP1907744\\KP1907744.pdf,\\0\\21\\21639.pdf
\\1348\\CJ0104838\\KP1505564\\KP1505564.pdf,\\0\\21\\21945.pdf
\\1347\\CJ0104807\\KP1505818\\KP1505818.pdf,\\0\\21\\21494.pdf
\\1347\\CJ0104807\\KP1505823\\KP1505823.pdf,\\0\\21\\21499.pdf
\\1349\\CJ0104882\\KP1905714\\KP1905714.pdf,\\0\\23\\23783.pdf
\\1348\\CJ0104838\\KP1505573\\KP1505573.pdf,\\0\\21\\21952.pdf
\\1349\\CJ0104893\\KP1504731\\KP1504731.pdf,\\0\\24\\24138.pdf
\\1349\\CJ0104899\\KP1905756\\KP1905756.pdf,\\0\\24\\24446.pdf
\\1349\\CJ0104900\\KP1415404\\KP1415404.pdf,\\0\\24\\24450.pdf
\\1347\\CJ0104796\\KP1505855\\KP1505855.pdf,\\0\\21\\21219.pdf
\\1347\\CJ0104809\\KP1907068\\KP1907068.pdf,\\0\\21\\21532.pdf
\\1348\\CJ0104843\\KP1504529\\KP1504529.pdf,\\0\\22\\22011.pdf
\\1349\\CJ0104891\\KP1380551\\KP1380551.pdf,\\0\\24\\24106.pdf
\\1348\\CJ0104864\\KP1506080\\KP1506080.pdf,\\0\\22\\22773.pdf
\\1347\\CJ0104797\\KP1505888\\KP1505888.pdf,\\0\\21\\21236.pdf
\\1347\\CJ0104803\\KP1490219\\KP1490219.pdf,\\0\\21\\21432.pdf
\\1348\\CJ0104824\\KP1505633\\KP1505633.pdf,\\0\\21\\21747.pdf
\\1348\\CJ0104855\\KP1504864\\KP1504864.pdf,\\0\\22\\22397.pdf
\\1347\\CJ0104807\\KP1505830\\KP1505830.pdf,\\0\\21\\21506.pdf
\\1347\\CJ0104808\\KP1907089\\KP1907089.pdf,\\0\\21\\21510.pdf
\\1347\\CJ0104814\\KP1905648\\KP1905648.pdf,\\0\\21\\21605.pdf
\\1348\\CJ0104863\\KP1415067\\KP1415067.pdf,\\0\\22\\22751.pdf
\\1349\\CJ0104891\\KP1380546\\KP1380546.pdf,\\0\\24\\24110.pdf
\\1349\\CJ0104907\\KP1907776\\KP1907776.pdf,\\0\\22\\22273.pdf
\\1350\\CJ0104982\\KP1378781\\KP1378781.pdf,\\0\\23\\23051.pdf
\\1348\\CJ0104826\\KP1505649\\KP1505649.pdf,\\0\\21\\21767.pdf
\\1347\\CJ0104800\\KP1907554\\KP1907554.pdf,\\0\\21\\21283.pdf
\\1348\\CJ0104838\\KP1505565\\KP1505565.pdf,\\0\\21\\21942.pdf
\\1349\\CJ0104885\\KP1907527\\KP1907527.pdf,\\0\\23\\23826.pdf
\\1349\\CJ0104907\\KP1907773\\KP1907773.pdf,\\0\\22\\22276.pdf
\\1347\\CJ0104819\\KP1504835\\KP1504835.pdf,\\0\\21\\21681.pdf
\\1348\\CJ0104824\\KP1505644\\KP1505644.pdf,\\0\\21\\21742.pdf
\\1347\\CJ0104799\\KP1506171\\KP1506171.pdf,\\0\\21\\21266.pdf
\\1348\\CJ0104854\\KP1505845\\KP1505845.pdf,\\0\\22\\22390.pdf
\\1348\\CJ0104829\\KP2060946\\KP2060946.pdf,\\0\\25\\25234.pdf
\\1348\\CJ0104839\\KP1384146\\KP1384146.pdf,\\0\\21\\21954.pdf
\\1348\\CJ0104821\\KP1381109\\KP1381109.pdf,\\0\\21\\21708.pdf
\\1348\\CJ0104827\\KP1384087\\KP1384087.pdf,\\0\\21\\21779.pdf
\\1348\\CJ0104869\\KP1505754\\KP1505754.pdf,\\0\\23\\23084.pdf
\\1347\\CJ0104813\\KP1907589\\KP1907589.pdf,\\0\\21\\21599.pdf
\\1348\\CJ0104838\\KP1505567\\KP1505567.pdf,\\0\\25\\25236.pdf
\\1349\\CJ0104906\\KP1907046\\KP1907046.pdf,\\0\\22\\22255.pdf
\\1349\\CJ0104899\\KP1905769\\KP1905769.pdf,\\0\\24\\24433.pdf
\\1348\\CJ0104865\\KP1506099\\KP1506099.pdf,\\0\\22\\22778.pdf
\\1347\\CJ0104815\\KP2064685\\KP2064685.pdf,\\0\\21\\21619.pdf
\\1348\\CJ0104830\\KP1488987\\KP1488987.pdf,\\0\\21\\21839.pdf
\\1347\\CJ0104799\\KP1506176\\KP1506176.pdf,\\0\\21\\21269.pdf
\\1348\\CJ0104846\\KP1506827\\KP1506827.pdf,\\0\\22\\22055.pdf
\\1348\\CJ0104827\\KP1505609\\KP1505609.pdf,\\0\\21\\21782.pdf
\\1349\\CJ0104899\\KP1905771\\KP1905771.pdf,\\0\\24\\24431.pdf
\\1347\\CJ0104817\\KP1907702\\KP1907702.pdf,\\0\\21\\21658.pdf
\\1347\\CJ0104818\\KP1504827\\KP1504827.pdf,\\0\\21\\21663.pdf
\\1347\\CJ0104819\\KP1504832\\KP1504832.pdf,\\0\\21\\21683.pdf
\\1349\\CJ0104891\\KP1380559\\KP1380559.pdf,\\0\\24\\24098.pdf
\\1348\\CJ0104837\\KP1422330\\KP1422330.pdf,\\0\\21\\21928.pdf
\\1348\\CJ0104850\\KP1423437\\KP1423437.pdf,\\0\\22\\22108.pdf
\\1348\\CJ0104875\\KP1423376\\KP1423376.pdf,\\0\\23\\23400.pdf
\\1350\\CJ0104965\\KP1907513\\KP1907513.pdf,\\0\\22\\22337.pdf
\\1347\\CJ0104796\\KP1505854\\KP1505854.pdf,\\0\\21\\21218.pdf
\\1347\\CJ0104796\\KP1505864\\KP1505864.pdf,\\0\\21\\21225.pdf
\\1347\\CJ0104812\\KP1907566\\KP1907566.pdf,\\0\\21\\21573.pdf
\\1348\\CJ0104837\\KP1505558\\KP1505558.pdf,\\0\\21\\21937.pdf
\\1347\\CJ0104804\\KP1378458\\KP1378458.pdf,\\0\\21\\21456.pdf
\\1348\\CJ0104878\\KP1506780\\KP1506780.pdf,\\0\\23\\23453.pdf
\\1349\\CJ0104905\\KP2063462\\KP2063462.pdf,\\0\\22\\22233.pdf
\\1351\\CJ0105017\\KP1381283\\KP1381283.pdf,\\0\\24\\24685.pdf
\\1347\\CJ0104803\\KP1490222\\KP1490222.pdf,\\0\\21\\21435.pdf
\\1350\\CJ0104966\\KP2063414\\KP2063414.pdf,\\0\\22\\22342.pdf
\\1348\\CJ0104827\\KP1505616\\KP1505616.pdf,\\0\\21\\21786.pdf
\\1348\\CJ0104862\\KP1415096\\KP1415096.pdf,\\0\\22\\22737.pdf
\\1348\\CJ0104841\\KP1505788\\KP1505788.pdf,\\0\\21\\21985.pdf
\\1348\\CJ0104858\\KP1490570\\KP1490570.pdf,\\0\\22\\22445.pdf
\\1348\\CJ0104845\\KP2063450\\KP2063450.pdf,\\0\\22\\22046.pdf
\\1350\\CJ0104965\\KP1907509\\KP1907509.pdf,\\0\\22\\22321.pdf
\\1348\\CJ0104822\\KP1415036\\KP1415036.pdf,\\0\\21\\21721.pdf
\\1349\\CJ0104895\\KP1506233\\KP1506233.pdf,\\0\\24\\24371.pdf
\\1349\\CJ0104896\\KP1506936\\KP1506936.pdf,\\0\\24\\24376.pdf
\\1349\\CJ0104893\\KP1504739\\KP1504739.pdf,\\0\\24\\24143.pdf
\\1349\\CJ0104905\\KP2063459\\KP2063459.pdf,\\0\\22\\22236.pdf
\\1348\\CJ0104822\\KP1415029\\KP1415029.pdf,\\0\\21\\21718.pdf
\\1347\\CJ0104798\\KP2060945\\KP2060945.pdf,\\0\\21\\21243.pdf
\\1347\\CJ0104811\\KP1506846\\KP1506846.pdf,\\0\\21\\21565.pdf
\\1347\\CJ0104820\\KP1490548\\KP1490548.pdf,\\0\\21\\21697.pdf
\\1347\\CJ0104804\\KP2065428\\KP2065428.pdf,\\0\\21\\21451.pdf
\\1347\\CJ0104813\\KP1907611\\KP1907611.pdf,\\0\\21\\21588.pdf
\\1348\\CJ0104850\\KP1423441\\KP1423441.pdf,\\0\\22\\22105.pdf
\\1348\\CJ0104844\\KP1424064\\KP1424064.pdf,\\0\\22\\22030.pdf
\\1348\\CJ0104857\\KP1490560\\KP1490560.pdf,\\0\\22\\22430.pdf
\\1348\\CJ0104826\\KP1505636\\KP1505636.pdf,\\0\\21\\21774.pdf
\\1348\\CJ0104846\\KP1506813\\KP1506813.pdf,\\0\\22\\22062.pdf
\\1349\\CJ0104883\\KP1506074\\KP1506074.pdf,\\0\\23\\23789.pdf
\\1348\\CJ0104857\\KP1490552\\KP1490552.pdf,\\0\\22\\22438.pdf
\\1349\\CJ0104903\\KP1423393\\KP1423393.pdf,\\0\\22\\22196.pdf
\\1349\\CJ0104903\\KP1423386\\KP1423386.pdf,\\0\\22\\22201.pdf
\\1347\\CJ0104795\\KP1415040\\KP1415040.pdf,\\0\\21\\21201.pdf
\\1347\\CJ0104811\\KP1955169\\KP1955169.pdf,\\0\\21\\21555.pdf
\\1347\\CJ0104793\\KP1423474\\KP1423474.pdf,\\0\\21\\21176.pdf
\\1349\\CJ0104891\\KP1380557\\KP1380557.pdf,\\0\\24\\24100.pdf
\\1347\\CJ0104811\\KP1506847\\KP1506847.pdf,\\0\\21\\21566.pdf
\\1349\\CJ0104882\\KP1905702\\KP1905702.pdf,\\0\\23\\23771.pdf
\\1347\\CJ0104801\\KP1907584\\KP1907584.pdf,\\0\\21\\21297.pdf
\\1347\\CJ0104814\\KP1905644\\KP1905644.pdf,\\0\\21\\21609.pdf
\\1347\\CJ0104796\\KP1505861\\KP1505861.pdf,\\0\\21\\21223.pdf
\\1348\\CJ0104831\\KP1489006\\KP1489006.pdf,\\0\\21\\21858.pdf
\\1350\\CJ0104948\\KP1490956\\KP1490956.pdf,\\0\\24\\24170.pdf
\\1348\\CJ0104821\\KP1381107\\KP1381107.pdf,\\0\\21\\21706.pdf
\\1349\\CJ0104901\\KP1415108\\KP1415108.pdf,\\0\\22\\22172.pdf
\\1348\\CJ0104878\\KP1506801\\KP1506801.pdf,\\0\\23\\23446.pdf
\\1349\\CJ0104892\\KP1504761\\KP1504761.pdf,\\0\\24\\24127.pdf
\\1349\\CJ0104895\\KP1506231\\KP1506231.pdf,\\0\\24\\24370.pdf
\\1348\\CJ0104846\\KP1506809\\KP1506809.pdf,\\0\\22\\22064.pdf
\\1348\\CJ0104850\\KP1423439\\KP1423439.pdf,\\0\\22\\22106.pdf
\\1348\\CJ0104861\\KP1506805\\KP1506805.pdf,\\0\\22\\22717.pdf
\\1348\\CJ0104838\\KP1505570\\KP1505570.pdf,\\0\\21\\21949.pdf
\\1348\\CJ0104843\\KP1504530\\KP1504530.pdf,\\0\\22\\22010.pdf
\\1349\\CJ0104897\\KP1907689\\KP1907689.pdf,\\0\\24\\24400.pdf
\\1349\\CJ0104899\\KP1905760\\KP1905760.pdf,\\0\\24\\24442.pdf
\\1348\\CJ0104821\\KP1381101\\KP1381101.pdf,\\0\\21\\21701.pdf
\\1349\\CJ0104895\\KP1506128\\KP1506128.pdf,\\0\\24\\24374.pdf
\\1348\\CJ0104864\\KP1506064\\KP1506064.pdf,\\0\\22\\22764.pdf
\\1348\\CJ0104864\\KP1506075\\KP1506075.pdf,\\0\\22\\22770.pdf
\\1347\\CJ0104793\\KP1423475\\KP1423475.pdf,\\0\\21\\21175.pdf
\\1348\\CJ0104832\\KP1505885\\KP1505885.pdf,\\0\\21\\21862.pdf
\\1348\\CJ0104832\\KP1505887\\KP1505887.pdf,\\0\\21\\21864.pdf
\\1348\\CJ0104826\\KP1505652\\KP1505652.pdf,\\0\\21\\21765.pdf
\\1349\\CJ0104906\\KP1907048\\KP1907048.pdf,\\0\\22\\22252.pdf
\\1348\\CJ0104835\\KP1424077\\KP1424077.pdf,\\0\\21\\21901.pdf
\\1347\\CJ0104818\\KP1504818\\KP1504818.pdf,\\0\\21\\21669.pdf
\\1348\\CJ0104827\\KP1505614\\KP1505614.pdf,\\0\\21\\21785.pdf
\\1348\\CJ0104832\\KP1505894\\KP1505894.pdf,\\0\\21\\21869.pdf
\\1349\\CJ0104896\\KP1506941\\KP1506941.pdf,\\0\\24\\24381.pdf
\\1348\\CJ0104827\\KP1505627\\KP1505627.pdf,\\0\\21\\21794.pdf
\\1349\\CJ0104901\\KP1415102\\KP1415102.pdf,\\0\\22\\22168.pdf
\\1348\\CJ0104834\\KP1419014\\KP1419014.pdf,\\0\\21\\21896.pdf
\\1350\\CJ0104966\\KP1425094\\KP1425094.pdf,\\0\\22\\22339.pdf
\\1348\\CJ0104823\\KP1380786\\KP1380786.pdf,\\0\\21\\21731.pdf
\\1349\\CJ0104905\\KP2063457\\KP2063457.pdf,\\0\\22\\22237.pdf
\\1348\\CJ0104841\\KP1505786\\KP1505786.pdf,\\0\\21\\21997.pdf
\\1349\\CJ0104883\\KP1506084\\KP1506084.pdf,\\0\\23\\23795.pdf
\\1349\\CJ0104893\\KP1505914\\KP1505914.pdf,\\0\\24\\24129.pdf
\\1349\\CJ0104894\\KP1506202\\KP1506202.pdf,\\0\\24\\24156.pdf
\\1347\\CJ0104802\\KP1380576\\KP1380576.pdf,\\0\\21\\21413.pdf
\\1348\\CJ0104855\\KP1504854\\KP1504854.pdf,\\0\\22\\22403.pdf
\\1348\\CJ0104838\\KP1505572\\KP1505572.pdf,\\0\\21\\21951.pdf
\\1348\\CJ0104827\\KP1505629\\KP1505629.pdf,\\0\\21\\21796.pdf
\\1349\\CJ0104883\\KP1506087\\KP1506087.pdf,\\0\\23\\23797.pdf
\\1348\\CJ0104869\\KP1505746\\KP1505746.pdf,\\0\\23\\23072.pdf
\\1348\\CJ0104878\\KP1506778\\KP1506778.pdf,\\0\\23\\23454.pdf
\\1349\\CJ0104885\\KP1907534\\KP1907534.pdf,\\0\\23\\23823.pdf
\\1347\\CJ0104812\\KP1907561\\KP1907561.pdf,\\0\\21\\21577.pdf
\\1347\\CJ0104809\\KP1907074\\KP1907074.pdf,\\0\\21\\21527.pdf
\\1348\\CJ0104837\\KP1505552\\KP1505552.pdf,\\0\\21\\21931.pdf
\\1349\\CJ0104892\\KP1504756\\KP1504756.pdf,\\0\\24\\24121.pdf
\\1349\\CJ0104898\\KP1506861\\KP1506861.pdf,\\0\\24\\24426.pdf
\\1349\\CJ0104907\\KP1907781\\KP1907781.pdf,\\0\\22\\22268.pdf
\\1347\\CJ0104811\\KP1905650\\KP1905650.pdf,\\0\\21\\21559.pdf
\\1347\\CJ0104812\\KP1907572\\KP1907572.pdf,\\0\\21\\21570.pdf
\\1347\\CJ0104800\\KP1907570\\KP1907570.pdf,\\0\\21\\21277.pdf
\\1349\\CJ0104882\\KP1905705\\KP1905705.pdf,\\0\\23\\23774.pdf
\\1348\\CJ0104850\\KP1423428\\KP1423428.pdf,\\0\\22\\22115.pdf
\\1348\\CJ0104857\\KP1490554\\KP1490554.pdf,\\0\\22\\22436.pdf
\\1351\\CJ0105003\\KP1381279\\KP1381279.pdf,\\0\\24\\24965.pdf
\\1348\\CJ0104859\\KP2064440\\KP2064440.pdf,\\0\\22\\22464.pdf
\\1351\\CJ0105017\\KP1381286\\KP1381286.pdf,\\0\\24\\24684.pdf
\\1347\\CJ0104797\\KP1505869\\KP1505869.pdf,\\0\\21\\21228.pdf
\\1347\\CJ0104817\\KP1907697\\KP1907697.pdf,\\0\\21\\21661.pdf
\\1348\\CJ0104836\\KP2063479\\KP2063479.pdf,\\0\\21\\21926.pdf
\\1348\\CJ0104838\\KP1505568\\KP1505568.pdf,\\0\\21\\21947.pdf
\\1349\\CJ0104883\\KP1506076\\KP1506076.pdf,\\0\\23\\23790.pdf
\\1348\\CJ0104857\\KP1490549\\KP1490549.pdf,\\0\\22\\22441.pdf
\\1347\\CJ0104797\\KP1505892\\KP1505892.pdf,\\0\\21\\21237.pdf
\\1347\\CJ0104802\\KP1380563\\KP1380563.pdf,\\0\\21\\21425.pdf
\\1347\\CJ0104817\\KP1907709\\KP1907709.pdf,\\0\\21\\21657.pdf
\\1347\\CJ0104810\\KP1905661\\KP1905661.pdf,\\0\\21\\21540.pdf
\\1347\\CJ0104810\\KP1905655\\KP1905655.pdf,\\0\\21\\21545.pdf
\\1347\\CJ0104799\\KP1506158\\KP1506158.pdf,\\0\\21\\21258.pdf
\\1348\\CJ0104875\\KP1423385\\KP1423385.pdf,\\0\\23\\23398.pdf
\\1348\\CJ0104857\\KP1490561\\KP1490561.pdf,\\0\\22\\22429.pdf
\\1351\\CJ0105016\\KP2064112\\KP2064112.pdf,\\0\\24\\24662.pdf
\\1348\\CJ0104845\\KP2063447\\KP2063447.pdf,\\0\\22\\22047.pdf
\\1350\\CJ0104948\\KP2060467\\KP2060467.pdf,\\0\\24\\24163.pdf
\\1348\\CJ0104830\\KP1488975\\KP1488975.pdf,\\0\\21\\21826.pdf
\\1348\\CJ0104822\\KP1415026\\KP1415026.pdf,\\0\\21\\21716.pdf
\\1347\\CJ0104803\\KP1490224\\KP1490224.pdf,\\0\\21\\21438.pdf
\\1348\\CJ0104846\\KP1506817\\KP1506817.pdf,\\0\\22\\22060.pdf
\\1348\\CJ0104844\\KP1424062\\KP1424062.pdf,\\0\\22\\22034.pdf
\\1350\\CJ0104982\\KP1378783\\KP1378783.pdf,\\0\\23\\23053.pdf
\\1350\\CJ0104951\\KP1384765\\KP1384765.pdf,\\0\\24\\24221.pdf
\\1349\\CJ0104881\\KP1905724\\KP1905724.pdf,\\0\\23\\23763.pdf
\\1349\\CJ0104898\\KP1506853\\KP1506853.pdf,\\0\\24\\24428.pdf
\\1349\\CJ0104900\\KP1415480\\KP1415480.pdf,\\0\\24\\24449.pdf
\\1347\\CJ0104794\\KP1415027\\KP1415027.pdf,\\0\\21\\21194.pdf
\\1351\\CJ0105003\\KP1381273\\KP1381273.pdf,\\0\\24\\24967.pdf
\\1348\\CJ0104840\\KP1505784\\KP1505784.pdf,\\0\\21\\21983.pdf
\\1349\\CJ0104883\\KP1506086\\KP1506086.pdf,\\0\\23\\23796.pdf
\\1349\\CJ0104899\\KP1905758\\KP1905758.pdf,\\0\\24\\24444.pdf
\\1347\\CJ0104806\\KP2060447\\KP2060447.pdf,\\0\\21\\21478.pdf
\\1348\\CJ0104826\\KP1505663\\KP1505663.pdf,\\0\\21\\21759.pdf
\\1348\\CJ0104846\\KP1506828\\KP1506828.pdf,\\0\\22\\22054.pdf
\\1348\\CJ0104855\\KP1504850\\KP1504850.pdf,\\0\\22\\22405.pdf
\\1349\\CJ0104884\\KP1506105\\KP1506105.pdf,\\0\\23\\23807.pdf
\\1347\\CJ0104795\\KP1415032\\KP1415032.pdf,\\0\\21\\21196.pdf
\\1348\\CJ0104821\\KP1381105\\KP1381105.pdf,\\0\\21\\21704.pdf
\\1347\\CJ0104815\\KP1905778\\KP1905778.pdf,\\0\\21\\21630.pdf
\\1348\\CJ0104834\\KP1907064\\KP1907064.pdf,\\0\\21\\21895.pdf
\\1348\\CJ0104829\\KP1506147\\KP1506147.pdf,\\0\\21\\21822.pdf
\\1347\\CJ0104809\\KP1907067\\KP1907067.pdf,\\0\\21\\21533.pdf
\\1351\\CJ0105017\\KP1422127\\KP1422127.pdf,\\0\\24\\24682.pdf
\\1347\\CJ0104798\\KP1506133\\KP1506133.pdf,\\0\\21\\21245.pdf
\\1348\\CJ0104843\\KP1504525\\KP1504525.pdf,\\0\\22\\22015.pdf
\\1348\\CJ0104843\\KP1504522\\KP1504522.pdf,\\0\\22\\22018.pdf
\\1349\\CJ0104891\\KP1380547\\KP1380547.pdf,\\0\\24\\24109.pdf
\\1348\\CJ0104858\\KP1490567\\KP1490567.pdf,\\0\\22\\22442.pdf
\\1348\\CJ0104869\\KP1505740\\KP1505740.pdf,\\0\\23\\23076.pdf
\\1348\\CJ0104823\\KP2065009\\KP2065009.pdf,\\0\\21\\21724.pdf
\\1348\\CJ0104844\\KP1424063\\KP1424063.pdf,\\0\\22\\22031.pdf
\\1349\\CJ0104894\\KP1506187\\KP1506187.pdf,\\0\\24\\24146.pdf
\\1348\\CJ0104831\\KP1488998\\KP1488998.pdf,\\0\\21\\21850.pdf
\\1351\\CJ0105016\\KP2064114\\KP2064114.pdf,\\0\\24\\24664.pdf
\\1349\\CJ0104903\\KP1423384\\KP1423384.pdf,\\0\\22\\22202.pdf
\\1349\\CJ0104894\\KP1506191\\KP1506191.pdf,\\0\\24\\24148.pdf
\\1349\\CJ0104894\\KP1506192\\KP1506192.pdf,\\0\\24\\24149.pdf
\\1351\\CJ0105053\\KP1415373\\KP1415373.pdf,\\0\\25\\25173.pdf
\\1347\\CJ0104795\\KP1415033\\KP1415033.pdf,\\0\\21\\21197.pdf
\\1348\\CJ0104864\\KP1506066\\KP1506066.pdf,\\0\\22\\22766.pdf
\\1349\\CJ0104892\\KP1505701\\KP1505701.pdf,\\0\\24\\24128.pdf
\\1351\\CJ0105016\\KP1378244\\KP1378244.pdf,\\0\\24\\24669.pdf
\\1348\\CJ0104821\\KP1381102\\KP1381102.pdf,\\0\\21\\21702.pdf
\\1348\\CJ0104842\\KP1504510\\KP1504510.pdf,\\0\\22\\22003.pdf
\\1347\\CJ0104801\\KP1907606\\KP1907606.pdf,\\0\\21\\21293.pdf
\\1349\\CJ0104896\\KP1506950\\KP1506950.pdf,\\0\\24\\24389.pdf
\\1349\\CJ0104898\\KP1506852\\KP1506852.pdf,\\0\\24\\24429.pdf
\\1348\\CJ0104864\\KP1506085\\KP1506085.pdf,\\0\\22\\22774.pdf
\\1348\\CJ0104830\\KP1488974\\KP1488974.pdf,\\0\\21\\21829.pdf
\\1348\\CJ0104846\\KP1506811\\KP1506811.pdf,\\0\\22\\22063.pdf
\\1349\\CJ0104881\\KP1905728\\KP1905728.pdf,\\0\\23\\23767.pdf
\\1349\\CJ0104883\\KP1506083\\KP1506083.pdf,\\0\\23\\23794.pdf
\\1351\\CJ0105016\\KP1378239\\KP1378239.pdf,\\0\\24\\24674.pdf
\\1347\\CJ0104815\\KP1905773\\KP1905773.pdf,\\0\\21\\21635.pdf
\\1347\\CJ0104815\\KP1905774\\KP1905774.pdf,\\0\\21\\21634.pdf
\\1349\\CJ0104882\\KP1905701\\KP1905701.pdf,\\0\\23\\23770.pdf
\\1349\\CJ0104896\\KP1506938\\KP1506938.pdf,\\0\\24\\24378.pdf
\\1349\\CJ0104896\\KP1506949\\KP1506949.pdf,\\0\\24\\24388.pdf
\\1348\\CJ0104878\\KP1506776\\KP1506776.pdf,\\0\\23\\23455.pdf
\\1348\\CJ0104833\\KP1505882\\KP1505882.pdf,\\0\\21\\21890.pdf
\\1347\\CJ0104809\\KP1907075\\KP1907075.pdf,\\0\\21\\21526.pdf
\\1348\\CJ0104824\\KP1505651\\KP1505651.pdf,\\0\\21\\21739.pdf
\\1348\\CJ0104855\\KP1504852\\KP1504852.pdf,\\0\\22\\22404.pdf
\\1348\\CJ0104875\\KP1907004\\KP1907004.pdf,\\0\\23\\23405.pdf
\\1347\\CJ0104796\\KP1384043\\KP1384043.pdf,\\0\\21\\21212.pdf
\\1347\\CJ0104810\\KP1905654\\KP1905654.pdf,\\0\\21\\21546.pdf
\\1351\\CJ0105009\\KP1425121\\KP1425121.pdf,\\0\\25\\25053.pdf
\\1347\\CJ0104814\\KP2064679\\KP2064679.pdf,\\0\\21\\21613.pdf
\\1349\\CJ0104892\\KP1504753\\KP1504753.pdf,\\0\\24\\24119.pdf
\\1348\\CJ0104844\\KP1424074\\KP1424074.pdf,\\0\\22\\22025.pdf
\\1348\\CJ0104863\\KP1415065\\KP1415065.pdf,\\0\\22\\22750.pdf
\\1349\\CJ0104898\\KP1506859\\KP1506859.pdf,\\0\\24\\24424.pdf
\\1347\\CJ0104796\\KP1384047\\KP1384047.pdf,\\0\\21\\21216.pdf
\\1347\\CJ0104806\\KP1505814\\KP1505814.pdf,\\0\\21\\21490.pdf
\\1348\\CJ0104855\\KP1504849\\KP1504849.pdf,\\0\\22\\22406.pdf
\\1348\\CJ0104850\\KP1423422\\KP1423422.pdf,\\0\\22\\22119.pdf
\\1347\\CJ0104807\\KP1505825\\KP1505825.pdf,\\0\\21\\21501.pdf
\\1349\\CJ0104899\\KP1905766\\KP1905766.pdf,\\0\\24\\24436.pdf
\\1348\\CJ0104828\\KP1506177\\KP1506177.pdf,\\0\\21\\21805.pdf
\\1347\\CJ0104800\\KP1907567\\KP1907567.pdf,\\0\\21\\21279.pdf
\\1349\\CJ0104891\\KP1380549\\KP1380549.pdf,\\0\\24\\24112.pdf
\\1348\\CJ0104868\\KP1505722\\KP1505722.pdf,\\0\\23\\23059.pdf
\\1348\\CJ0104845\\KP2063455\\KP2063455.pdf,\\0\\22\\22044.pdf
\\1348\\CJ0104824\\KP1505655\\KP1505655.pdf,\\0\\21\\21736.pdf
\\1347\\CJ0104799\\KP1506165\\KP1506165.pdf,\\0\\21\\21262.pdf
\\1348\\CJ0104839\\KP1504505\\KP1504505.pdf,\\0\\21\\21966.pdf
\\1348\\CJ0104830\\KP1488976\\KP1488976.pdf,\\0\\21\\21827.pdf
\\1350\\CJ0104982\\KP1378782\\KP1378782.pdf,\\0\\23\\23052.pdf
\\1347\\CJ0104817\\KP1907717\\KP1907717.pdf,\\0\\21\\21653.pdf
\\1348\\CJ0104835\\KP1424054\\KP1424054.pdf,\\0\\21\\21914.pdf
\\1348\\CJ0104832\\KP1505890\\KP1505890.pdf,\\0\\21\\21866.pdf
\\1347\\CJ0104799\\KP1506175\\KP1506175.pdf,\\0\\21\\21268.pdf
\\1348\\CJ0104854\\KP1505842\\KP1505842.pdf,\\0\\22\\22387.pdf
\\1348\\CJ0104869\\KP1505745\\KP1505745.pdf,\\0\\23\\23073.pdf
\\1348\\CJ0104835\\KP1424075\\KP1424075.pdf,\\0\\21\\21903.pdf
\\1347\\CJ0104802\\KP1380564\\KP1380564.pdf,\\0\\21\\21424.pdf
\\1347\\CJ0104793\\KP1423481\\KP1423481.pdf,\\0\\21\\21171.pdf
\\1348\\CJ0104832\\KP1505909\\KP1505909.pdf,\\0\\21\\21878.pdf
\\1349\\CJ0104897\\KP1907696\\KP1907696.pdf,\\0\\24\\24395.pdf
\\1348\\CJ0104870\\KP1505743\\KP1505743.pdf,\\0\\23\\23085.pdf
\\1347\\CJ0104816\\KP1907728\\KP1907728.pdf,\\0\\21\\21647.pdf
\\1347\\CJ0104818\\KP1907330\\KP1907330.pdf,\\0\\21\\21674.pdf
\\1347\\CJ0104806\\KP2060442\\KP2060442.pdf,\\0\\21\\21483.pdf
\\1348\\CJ0104856\\KP1504874\\KP1504874.pdf,\\0\\22\\22416.pdf
\\1349\\CJ0104901\\KP1415100\\KP1415100.pdf,\\0\\22\\22167.pdf
\\1348\\CJ0104856\\KP1504871\\KP1504871.pdf,\\0\\22\\22419.pdf
\\1347\\CJ0104818\\KP1504822\\KP1504822.pdf,\\0\\21\\21666.pdf
\\1348\\CJ0104828\\KP1506174\\KP1506174.pdf,\\0\\25\\25196.pdf
\\1347\\CJ0104804\\KP2065427\\KP2065427.pdf,\\0\\21\\21457.pdf
\\1347\\CJ0104807\\KP1505821\\KP1505821.pdf,\\0\\21\\21497.pdf
\\1348\\CJ0104868\\KP1505715\\KP1505715.pdf,\\0\\23\\23055.pdf
\\1349\\CJ0104884\\KP1506127\\KP1506127.pdf,\\0\\23\\23816.pdf
\\1349\\CJ0104902\\KP1423400\\KP1423400.pdf,\\0\\22\\22191.pdf
\\1349\\CJ0104895\\KP1506216\\KP1506216.pdf,\\0\\24\\24359.pdf
\\1348\\CJ0104878\\KP1506767\\KP1506767.pdf,\\0\\23\\23461.pdf
\\1349\\CJ0104897\\KP1907688\\KP1907688.pdf,\\0\\24\\24401.pdf
\\1348\\CJ0104857\\KP1490555\\KP1490555.pdf,\\0\\22\\22435.pdf
\\1349\\CJ0104883\\KP1506095\\KP1506095.pdf,\\0\\23\\23803.pdf
\\1348\\CJ0104878\\KP1506799\\KP1506799.pdf,\\0\\23\\23447.pdf
\\1348\\CJ0104829\\KP1506145\\KP1506145.pdf,\\0\\21\\21821.pdf
\\1349\\CJ0104907\\KP1907786\\KP1907786.pdf,\\0\\22\\22264.pdf
\\1347\\CJ0104806\\KP1505813\\KP1505813.pdf,\\0\\21\\21489.pdf
\\1348\\CJ0104857\\KP1490562\\KP1490562.pdf,\\0\\22\\22428.pdf
\\1351\\CJ0105016\\KP1378243\\KP1378243.pdf,\\0\\24\\24670.pdf
\\1347\\CJ0104815\\KP1905776\\KP1905776.pdf,\\0\\21\\21632.pdf
\\1347\\CJ0104806\\KP2060443\\KP2060443.pdf,\\0\\21\\21482.pdf
\\1348\\CJ0104831\\KP1489008\\KP1489008.pdf,\\0\\21\\21860.pdf
\\1349\\CJ0104896\\KP1506943\\KP1506943.pdf,\\0\\24\\24385.pdf
\\1348\\CJ0104855\\KP1504858\\KP1504858.pdf,\\0\\22\\22401.pdf
\\1349\\CJ0104907\\KP1907778\\KP1907778.pdf,\\0\\22\\22271.pdf
\\1348\\CJ0104840\\KP2064437\\KP2064437.pdf,\\0\\21\\21977.pdf
\\1347\\CJ0104794\\KP1380783\\KP1380783.pdf,\\0\\21\\21186.pdf
\\1349\\CJ0104881\\KP1905723\\KP1905723.pdf,\\0\\23\\23762.pdf
\\1349\\CJ0104897\\KP1907695\\KP1907695.pdf,\\0\\24\\24396.pdf
\\1349\\CJ0104905\\KP2063461\\KP2063461.pdf,\\0\\22\\22234.pdf
\\1347\\CJ0104816\\KP1907750\\KP1907750.pdf,\\0\\21\\21641.pdf
\\1347\\CJ0104800\\KP1907548\\KP1907548.pdf,\\0\\21\\21285.pdf
\\1348\\CJ0104850\\KP1423432\\KP1423432.pdf,\\0\\22\\22112.pdf
\\1348\\CJ0104834\\KP1506432\\KP1506432.pdf,\\0\\21\\21898.pdf
\\1347\\CJ0104811\\KP1905637\\KP1905637.pdf,\\0\\21\\21554.pdf
\\1347\\CJ0104801\\KP1907614\\KP1907614.pdf,\\0\\21\\21295.pdf
\\1348\\CJ0104868\\KP1505725\\KP1505725.pdf,\\0\\23\\23057.pdf
\\1347\\CJ0104795\\KP1415048\\KP1415048.pdf,\\0\\21\\21204.pdf
\\1347\\CJ0104796\\KP1505866\\KP1505866.pdf,\\0\\21\\21226.pdf
\\1347\\CJ0104819\\KP1504839\\KP1504839.pdf,\\0\\21\\21678.pdf
\\1348\\CJ0104832\\KP1505906\\KP1505906.pdf,\\0\\21\\21876.pdf
\\1348\\CJ0104827\\KP1505621\\KP1505621.pdf,\\0\\21\\21790.pdf
\\1348\\CJ0104845\\KP2063440\\KP2063440.pdf,\\0\\22\\22049.pdf
\\1348\\CJ0104829\\KP1506153\\KP1506153.pdf,\\0\\21\\21825.pdf
\\1348\\CJ0104840\\KP2064436\\KP2064436.pdf,\\0\\21\\21976.pdf
\\1347\\CJ0104773\\KP1907633\\KP1907633.pdf,\\0\\25\\25190.pdf
\\1348\\CJ0104823\\KP1380789\\KP1380789.pdf,\\0\\21\\21729.pdf
\\1347\\CJ0104806\\KP1505809\\KP1505809.pdf,\\0\\21\\21485.pdf
\\1348\\CJ0104859\\KP1505800\\KP1505800.pdf,\\0\\22\\22457.pdf
\\1347\\CJ0104795\\KP1415050\\KP1415050.pdf,\\0\\21\\21205.pdf
\\1350\\CJ0104966\\KP1425093\\KP1425093.pdf,\\0\\22\\22340.pdf
\\1347\\CJ0104803\\KP1380580\\KP1380580.pdf,\\0\\21\\21445.pdf
\\1348\\CJ0104834\\KP1506429\\KP1506429.pdf,\\0\\21\\21897.pdf
\\1349\\CJ0104907\\KP1907790\\KP1907790.pdf,\\0\\22\\22259.pdf
\\1347\\CJ0104806\\KP2060446\\KP2060446.pdf,\\0\\21\\21479.pdf
\\1349\\CJ0104902\\KP1423409\\KP1423409.pdf,\\0\\22\\22184.pdf
\\1347\\CJ0104794\\KP1380780\\KP1380780.pdf,\\0\\21\\21188.pdf
\\1348\\CJ0104862\\KP1415111\\KP1415111.pdf,\\0\\22\\22744.pdf
\\1351\\CJ0105016\\KP1378238\\KP1378238.pdf,\\0\\24\\24675.pdf
\\1349\\CJ0104905\\KP2063466\\KP2063466.pdf,\\0\\22\\22230.pdf
\\1349\\CJ0104905\\KP2063456\\KP2063456.pdf,\\0\\22\\22238.pdf
\\1348\\CJ0104843\\KP1504527\\KP1504527.pdf,\\0\\22\\22013.pdf
\\1347\\CJ0104804\\KP1378457\\KP1378457.pdf,\\0\\21\\21458.pdf
\\1349\\CJ0104883\\KP1506094\\KP1506094.pdf,\\0\\23\\23802.pdf
\\1347\\CJ0104812\\KP1907563\\KP1907563.pdf,\\0\\21\\21575.pdf
\\1347\\CJ0104802\\KP1380569\\KP1380569.pdf,\\0\\21\\21419.pdf
\\1348\\CJ0104824\\KP1505648\\KP1505648.pdf,\\0\\21\\21740.pdf
\\1348\\CJ0104841\\KP1505797\\KP1505797.pdf,\\0\\21\\21994.pdf
\\1348\\CJ0104832\\KP1505889\\KP1505889.pdf,\\0\\21\\21865.pdf
\\1348\\CJ0104878\\KP1506789\\KP1506789.pdf,\\0\\23\\23450.pdf
\\1350\\CJ0104962\\KP2066648\\KP2066648.pdf,\\0\\25\\25199.pdf
\\1349\\CJ0104885\\KP1907525\\KP1907525.pdf,\\0\\23\\23827.pdf
\\1348\\CJ0104854\\KP1505847\\KP1505847.pdf,\\0\\22\\22392.pdf
\\1348\\CJ0104878\\KP1506803\\KP1506803.pdf,\\0\\23\\23445.pdf
\\1348\\CJ0104857\\KP1490553\\KP1490553.pdf,\\0\\22\\22437.pdf
\\1348\\CJ0104858\\KP1490568\\KP1490568.pdf,\\0\\22\\22443.pdf
\\1349\\CJ0104893\\KP1505924\\KP1505924.pdf,\\0\\24\\24134.pdf
\\1351\\CJ0105017\\KP1422133\\KP1422133.pdf,\\0\\24\\24679.pdf
\\1347\\CJ0104811\\KP1905639\\KP1905639.pdf,\\0\\21\\21552.pdf
\\1347\\CJ0104815\\KP1905777\\KP1905777.pdf,\\0\\21\\21631.pdf
\\1348\\CJ0104834\\KP1907061\\KP1907061.pdf,\\0\\21\\21899.pdf
\\1349\\CJ0104907\\KP1907788\\KP1907788.pdf,\\0\\22\\22261.pdf
\\1349\\CJ0104907\\KP1907779\\KP1907779.pdf,\\0\\22\\22270.pdf
\\1347\\CJ0104806\\KP1505812\\KP1505812.pdf,\\0\\21\\21488.pdf
\\1348\\CJ0104861\\KP1506807\\KP1506807.pdf,\\0\\22\\22716.pdf
\\1348\\CJ0104875\\KP1905899\\KP1905899.pdf,\\0\\23\\23406.pdf
\\1347\\CJ0104808\\KP1907085\\KP1907085.pdf,\\0\\21\\21517.pdf
\\1351\\CJ0105006\\KP1423220\\KP1423220.pdf,\\0\\25\\25012.pdf
\\1349\\CJ0104900\\KP1415118\\KP1415118.pdf,\\0\\24\\24448.pdf
\\1347\\CJ0104802\\KP1380565\\KP1380565.pdf,\\0\\21\\21423.pdf
\\1347\\CJ0104798\\KP1506149\\KP1506149.pdf,\\0\\21\\21252.pdf
\\1347\\CJ0104810\\KP1905642\\KP1905642.pdf,\\0\\21\\21549.pdf
\\1350\\CJ0104982\\KP1378772\\KP1378772.pdf,\\0\\23\\23043.pdf
\\1348\\CJ0104841\\KP1505785\\KP1505785.pdf,\\0\\21\\21996.pdf
\\1348\\CJ0104843\\KP1504517\\KP1504517.pdf,\\0\\22\\22023.pdf
\\1348\\CJ0104868\\KP1505676\\KP1505676.pdf,\\0\\23\\23064.pdf
\\1349\\CJ0104907\\KP1907789\\KP1907789.pdf,\\0\\22\\22260.pdf
\\1347\\CJ0104793\\KP1423472\\KP1423472.pdf,\\0\\21\\21177.pdf
\\1347\\CJ0104793\\KP1423471\\KP1423471.pdf,\\0\\21\\21178.pdf
\\1347\\CJ0104809\\KP1907077\\KP1907077.pdf,\\0\\21\\21524.pdf
\\1347\\CJ0104802\\KP1380577\\KP1380577.pdf,\\0\\21\\21412.pdf
\\1348\\CJ0104830\\KP1488981\\KP1488981.pdf,\\0\\21\\21833.pdf
\\1347\\CJ0104803\\KP1271424\\KP1271424.pdf,\\0\\21\\21437.pdf
\\1348\\CJ0104835\\KP1424057\\KP1424057.pdf,\\0\\21\\21912.pdf
\\1348\\CJ0104840\\KP2064439\\KP2064439.pdf,\\0\\21\\21979.pdf
\\1348\\CJ0104846\\KP1506822\\KP1506822.pdf,\\0\\22\\22057.pdf
\\1347\\CJ0104807\\KP1505820\\KP1505820.pdf,\\0\\21\\21496.pdf
\\1347\\CJ0104807\\KP1505831\\KP1505831.pdf,\\0\\21\\21507.pdf
\\1348\\CJ0104839\\KP1907079\\KP1907079.pdf,\\0\\21\\21969.pdf
\\1351\\CJ0105002\\KP2018105\\KP2018105.pdf,\\0\\24\\24961.pdf
\\1348\\CJ0104828\\KP1506163\\KP1506163.pdf,\\0\\21\\21799.pdf
\\1348\\CJ0104834\\KP1160814\\KP1160814.pdf,\\0\\21\\21892.pdf
\\1348\\CJ0104823\\KP1380788\\KP1380788.pdf,\\0\\21\\21730.pdf
\\1347\\CJ0104801\\KP1907612\\KP1907612.pdf,\\0\\21\\21296.pdf
\\1349\\CJ0104885\\KP1907531\\KP1907531.pdf,\\0\\23\\23824.pdf
\\1347\\CJ0104802\\KP1380570\\KP1380570.pdf,\\0\\21\\21418.pdf
\\1347\\CJ0104818\\KP1504815\\KP1504815.pdf,\\0\\21\\21671.pdf
\\1348\\CJ0104824\\KP1505662\\KP1505662.pdf,\\0\\21\\21737.pdf
\\1349\\CJ0104895\\KP1506217\\KP1506217.pdf,\\0\\24\\24360.pdf
\\1347\\CJ0104803\\KP1490218\\KP1490218.pdf,\\0\\21\\21431.pdf
\\1347\\CJ0104819\\KP1504843\\KP1504843.pdf,\\0\\21\\21675.pdf
\\1348\\CJ0104832\\KP1505900\\KP1505900.pdf,\\0\\21\\21874.pdf
\\1349\\CJ0104895\\KP1506228\\KP1506228.pdf,\\0\\24\\24367.pdf
\\1348\\CJ0104842\\KP1422331\\KP1422331.pdf,\\0\\22\\22009.pdf
\\1347\\CJ0104813\\KP1907582\\KP1907582.pdf,\\0\\21\\21603.pdf
\\1349\\CJ0104894\\KP1506193\\KP1506193.pdf,\\0\\24\\24150.pdf
\\1348\\CJ0104864\\KP1506069\\KP1506069.pdf,\\0\\22\\22768.pdf
\\1347\\CJ0104816\\KP1907747\\KP1907747.pdf,\\0\\21\\21638.pdf
\\1347\\CJ0104799\\KP1506157\\KP1506157.pdf,\\0\\21\\21257.pdf
\\1349\\CJ0104902\\KP1423398\\KP1423398.pdf,\\0\\22\\22192.pdf
\\1349\\CJ0104898\\KP1506849\\KP1506849.pdf,\\0\\24\\24416.pdf
\\1348\\CJ0104863\\KP1415070\\KP1415070.pdf,\\0\\22\\22752.pdf
\\1348\\CJ0104859\\KP1505801\\KP1505801.pdf,\\0\\22\\22458.pdf
\\1348\\CJ0104833\\KP1505863\\KP1505863.pdf,\\0\\21\\21881.pdf
\\1347\\CJ0104816\\KP1907732\\KP1907732.pdf,\\0\\21\\21645.pdf
\\1349\\CJ0104882\\KP1905708\\KP1905708.pdf,\\0\\23\\23777.pdf
\\1348\\CJ0104863\\KP1415083\\KP1415083.pdf,\\0\\22\\22757.pdf
\\1349\\CJ0104884\\KP1506112\\KP1506112.pdf,\\0\\23\\23809.pdf
\\1347\\CJ0104809\\KP1907066\\KP1907066.pdf,\\0\\21\\21534.pdf
\\1347\\CJ0104809\\KP1907063\\KP1907063.pdf,\\0\\21\\21536.pdf
\\1347\\CJ0104803\\KP1490221\\KP1490221.pdf,\\0\\21\\21434.pdf
\\1348\\CJ0104854\\KP1505849\\KP1505849.pdf,\\0\\22\\22394.pdf
\\1347\\CJ0104813\\KP1907591\\KP1907591.pdf,\\0\\21\\21598.pdf
\\1348\\CJ0104878\\KP1506804\\KP1506804.pdf,\\0\\23\\23444.pdf
\\1351\\CJ0105002\\KP1381287\\KP1381287.pdf,\\0\\24\\24954.pdf
\\1349\\CJ0104885\\KP1907545\\KP1907545.pdf,\\0\\23\\23820.pdf
\\1348\\CJ0104864\\KP1506067\\KP1506067.pdf,\\0\\22\\22767.pdf
\\1349\\CJ0104894\\KP1506210\\KP1506210.pdf,\\0\\24\\24161.pdf
\\1347\\CJ0104796\\KP1505856\\KP1505856.pdf,\\0\\21\\21220.pdf
\\1347\\CJ0104799\\KP1506155\\KP1506155.pdf,\\0\\21\\21256.pdf
\\1348\\CJ0104836\\KP2063486\\KP2063486.pdf,\\0\\21\\21921.pdf
\\1347\\CJ0104801\\KP1907594\\KP1907594.pdf,\\0\\21\\21290.pdf
\\1349\\CJ0104903\\KP1423392\\KP1423392.pdf,\\0\\22\\22197.pdf
\\1347\\CJ0104815\\KP2064686\\KP2064686.pdf,\\0\\21\\21620.pdf
\\1350\\CJ0104966\\KP2063423\\KP2063423.pdf,\\0\\22\\22350.pdf
\\1347\\CJ0104800\\KP1907580\\KP1907580.pdf,\\0\\21\\21271.pdf
\\1348\\CJ0104837\\KP1505559\\KP1505559.pdf,\\0\\21\\21938.pdf
\\1348\\CJ0104854\\KP1505851\\KP1505851.pdf,\\0\\22\\22396.pdf
\\1347\\CJ0104808\\KP1907084\\KP1907084.pdf,\\0\\21\\21518.pdf
\\1349\\CJ0104894\\KP1506199\\KP1506199.pdf,\\0\\24\\24154.pdf
\\1351\\CJ0105007\\KP1384783\\KP1384783.pdf,\\0\\25\\25025.pdf
\\1349\\CJ0104882\\KP1905703\\KP1905703.pdf,\\0\\23\\23772.pdf
\\1348\\CJ0104856\\KP1504879\\KP1504879.pdf,\\0\\22\\22411.pdf
\\1349\\CJ0104882\\KP1905712\\KP1905712.pdf,\\0\\23\\23781.pdf
\\1349\\CJ0104893\\KP1504730\\KP1504730.pdf,\\0\\24\\24137.pdf
\\1351\\CJ0105016\\KP1378245\\KP1378245.pdf,\\0\\24\\24668.pdf
\\1351\\CJ0105017\\KP1422137\\KP1422137.pdf,\\0\\24\\24677.pdf
\\1347\\CJ0104796\\KP1505860\\KP1505860.pdf,\\0\\21\\21222.pdf
\\1348\\CJ0104836\\KP1424050\\KP1424050.pdf,\\0\\21\\21918.pdf
\\1347\\CJ0104820\\KP1490541\\KP1490541.pdf,\\0\\21\\21690.pdf
\\1349\\CJ0104885\\KP1907543\\KP1907543.pdf,\\0\\23\\23821.pdf
\\1347\\CJ0104796\\KP1384044\\KP1384044.pdf,\\0\\21\\21213.pdf
\\1348\\CJ0104875\\KP1905907\\KP1905907.pdf,\\0\\23\\23407.pdf
\\1349\\CJ0104893\\KP1505917\\KP1505917.pdf,\\0\\24\\24130.pdf
\\1350\\CJ0104982\\KP1378779\\KP1378779.pdf,\\0\\23\\23049.pdf
\\1350\\CJ0104982\\KP1378780\\KP1378780.pdf,\\0\\23\\23050.pdf
\\1347\\CJ0104806\\KP1505808\\KP1505808.pdf,\\0\\21\\21484.pdf
\\1349\\CJ0104896\\KP1506939\\KP1506939.pdf,\\0\\24\\24379.pdf
\\1349\\CJ0104906\\KP1907055\\KP1907055.pdf,\\0\\22\\22246.pdf
\\1348\\CJ0104869\\KP1505748\\KP1505748.pdf,\\0\\23\\23071.pdf
\\1349\\CJ0104899\\KP1905772\\KP1905772.pdf,\\0\\24\\24430.pdf
\\1348\\CJ0104833\\KP1505870\\KP1505870.pdf,\\0\\21\\21884.pdf
\\1347\\CJ0104820\\KP1490542\\KP1490542.pdf,\\0\\21\\21692.pdf
\\1348\\CJ0104850\\KP1423434\\KP1423434.pdf,\\0\\22\\22110.pdf
\\1348\\CJ0104875\\KP1423380\\KP1423380.pdf,\\0\\23\\23399.pdf
\\1347\\CJ0104808\\KP1907091\\KP1907091.pdf,\\0\\21\\21516.pdf
\\1349\\CJ0104906\\KP1907052\\KP1907052.pdf,\\0\\22\\22248.pdf
\\1351\\CJ0105004\\KP1422157\\KP1422157.pdf,\\0\\24\\24976.pdf
\\1347\\CJ0104795\\KP1415039\\KP1415039.pdf,\\0\\21\\21200.pdf
\\1347\\CJ0104810\\KP1905640\\KP1905640.pdf,\\0\\21\\21551.pdf
\\1348\\CJ0104843\\KP1504515\\KP1504515.pdf,\\0\\22\\22024.pdf
\\1347\\CJ0104815\\KP2064682\\KP2064682.pdf,\\0\\25\\25231.pdf
\\1349\\CJ0104897\\KP2026180\\KP2026180.pdf,\\0\\24\\24407.pdf
\\1348\\CJ0104857\\KP1490566\\KP1490566.pdf,\\0\\22\\22424.pdf
\\1348\\CJ0104876\\KP1505588\\KP1505588.pdf,\\0\\23\\23423.pdf
\\1347\\CJ0104793\\KP1423480\\KP1423480.pdf,\\0\\21\\21172.pdf
\\1347\\CJ0104793\\KP1423478\\KP1423478.pdf,\\0\\21\\21173.pdf
\\1349\\CJ0104902\\KP1423415\\KP1423415.pdf,\\0\\22\\22179.pdf
\\1348\\CJ0104854\\KP1505843\\KP1505843.pdf,\\0\\22\\22388.pdf
\\1347\\CJ0104813\\KP1907583\\KP1907583.pdf,\\0\\21\\21602.pdf
\\1348\\CJ0104876\\KP1505593\\KP1505593.pdf,\\0\\23\\23428.pdf
\\1350\\CJ0104982\\KP1378777\\KP1378777.pdf,\\0\\23\\23047.pdf
\\1347\\CJ0104811\\KP1469746\\KP1469746.pdf,\\0\\21\\21557.pdf
\\1348\\CJ0104826\\KP1505645\\KP1505645.pdf,\\0\\21\\21769.pdf
\\1347\\CJ0104807\\KP1505817\\KP1505817.pdf,\\0\\21\\21493.pdf
\\1348\\CJ0104843\\KP1504520\\KP1504520.pdf,\\0\\22\\22020.pdf
\\1348\\CJ0104845\\KP2063477\\KP2063477.pdf,\\0\\22\\22039.pdf
\\1349\\CJ0104905\\KP2063470\\KP2063470.pdf,\\0\\22\\22227.pdf
\\1348\\CJ0104858\\KP1490579\\KP1490579.pdf,\\0\\22\\22452.pdf
\\1350\\CJ0104948\\KP1490953\\KP1490953.pdf,\\0\\24\\24169.pdf
\\1348\\CJ0104828\\KP1506170\\KP1506170.pdf,\\0\\21\\21802.pdf
\\1347\\CJ0104797\\KP1505880\\KP1505880.pdf,\\0\\21\\21233.pdf
\\1347\\CJ0104817\\KP1907719\\KP1907719.pdf,\\0\\21\\21652.pdf
\\1348\\CJ0104823\\KP2065010\\KP2065010.pdf,\\0\\21\\21723.pdf
\\1349\\CJ0104907\\KP1907780\\KP1907780.pdf,\\0\\22\\22269.pdf
\\1348\\CJ0104835\\KP1424067\\KP1424067.pdf,\\0\\21\\21907.pdf
\\1347\\CJ0104810\\KP1905641\\KP1905641.pdf,\\0\\21\\21550.pdf
\\1347\\CJ0104811\\KP1905651\\KP1905651.pdf,\\0\\21\\21558.pdf
\\1349\\CJ0104890\\KP1380535\\KP1380535.pdf,\\0\\24\\24093.pdf
\\1347\\CJ0104807\\KP1505829\\KP1505829.pdf,\\0\\21\\21505.pdf
\\1348\\CJ0104844\\KP1424065\\KP1424065.pdf,\\0\\22\\22029.pdf
\\1349\\CJ0104894\\KP1506189\\KP1506189.pdf,\\0\\24\\24147.pdf
\\1347\\CJ0104811\\KP1506843\\KP1506843.pdf,\\0\\21\\21562.pdf
\\1348\\CJ0104827\\KP1505611\\KP1505611.pdf,\\0\\21\\21783.pdf
\\1349\\CJ0104896\\KP1506953\\KP1506953.pdf,\\0\\24\\24392.pdf
\\1349\\CJ0104883\\KP1506068\\KP1506068.pdf,\\0\\23\\23785.pdf
\\1348\\CJ0104862\\KP1415110\\KP1415110.pdf,\\0\\22\\22743.pdf
\\1347\\CJ0104814\\KP2064681\\KP2064681.pdf,\\0\\21\\21615.pdf
\\1348\\CJ0104857\\KP1490551\\KP1490551.pdf,\\0\\22\\22439.pdf
\\1348\\CJ0104858\\KP1490574\\KP1490574.pdf,\\0\\22\\22449.pdf
\\1347\\CJ0104795\\KP1415055\\KP1415055.pdf,\\0\\21\\21207.pdf
\\1348\\CJ0104822\\KP1415034\\KP1415034.pdf,\\0\\21\\21720.pdf
\\1348\\CJ0104825\\KP2064429\\KP2064429.pdf,\\0\\21\\21749.pdf
\\1348\\CJ0104837\\KP1505551\\KP1505551.pdf,\\0\\21\\21930.pdf
\\1349\\CJ0104897\\KP1907692\\KP1907692.pdf,\\0\\24\\24398.pdf
\\1347\\CJ0104814\\KP1905643\\KP1905643.pdf,\\0\\21\\21610.pdf
\\1349\\CJ0104905\\KP2063473\\KP2063473.pdf,\\0\\22\\22224.pdf
\\1347\\CJ0104812\\KP1907578\\KP1907578.pdf,\\0\\21\\21568.pdf
\\1347\\CJ0104806\\KP2060444\\KP2060444.pdf,\\0\\21\\21481.pdf
\\1349\\CJ0104902\\KP1423404\\KP1423404.pdf,\\0\\22\\22188.pdf
\\1349\\CJ0104882\\KP1905713\\KP1905713.pdf,\\0\\23\\23782.pdf
\\1348\\CJ0104858\\KP1490571\\KP1490571.pdf,\\0\\22\\22446.pdf
\\1351\\CJ0105002\\KP1381285\\KP1381285.pdf,\\0\\24\\24955.pdf
\\1351\\CJ0105017\\KP1422139\\KP1422139.pdf,\\0\\24\\24676.pdf
\\1349\\CJ0104894\\KP1506200\\KP1506200.pdf,\\0\\24\\24155.pdf
\\1348\\CJ0104859\\KP2064442\\KP2064442.pdf,\\0\\22\\22466.pdf
\\1347\\CJ0104798\\KP1506142\\KP1506142.pdf,\\0\\21\\21249.pdf
\\1347\\CJ0104798\\KP1506152\\KP1506152.pdf,\\0\\21\\21254.pdf
\\1348\\CJ0104855\\KP1504862\\KP1504862.pdf,\\0\\22\\22398.pdf
\\1351\\CJ0105002\\KP2018104\\KP2018104.pdf,\\0\\24\\24962.pdf
\\1347\\CJ0104797\\KP1505868\\KP1505868.pdf,\\0\\21\\21227.pdf
\\1347\\CJ0104802\\KP1380567\\KP1380567.pdf,\\0\\21\\21421.pdf
\\1349\\CJ0104902\\KP1423417\\KP1423417.pdf,\\0\\22\\22177.pdf
\\1348\\CJ0104832\\KP1505903\\KP1505903.pdf,\\0\\21\\21875.pdf
\\1349\\CJ0104898\\KP1506850\\KP1506850.pdf,\\0\\24\\24417.pdf
\\1348\\CJ0104876\\KP1505579\\KP1505579.pdf,\\0\\23\\23414.pdf
\\1349\\CJ0104899\\KP1905765\\KP1905765.pdf,\\0\\24\\24438.pdf
\\1347\\CJ0104817\\KP1907725\\KP1907725.pdf,\\0\\21\\21649.pdf
\\1348\\CJ0104836\\KP2063485\\KP2063485.pdf,\\0\\21\\21922.pdf
\\1349\\CJ0104881\\KP1905717\\KP1905717.pdf,\\0\\23\\23756.pdf
\\1349\\CJ0104897\\KP2026173\\KP2026173.pdf,\\0\\24\\24412.pdf
\\1349\\CJ0104906\\KP1907045\\KP1907045.pdf,\\0\\22\\22256.pdf
\\1349\\CJ0104885\\KP1907999\\KP1907999.pdf,\\0\\23\\23831.pdf
\\1347\\CJ0104796\\KP1505858\\KP1505858.pdf,\\0\\21\\21221.pdf
\\1350\\CJ0104966\\KP2063427\\KP2063427.pdf,\\0\\22\\22354.pdf
\\1348\\CJ0104832\\KP1505899\\KP1505899.pdf,\\0\\21\\21873.pdf
\\1349\\CJ0104892\\KP1504747\\KP1504747.pdf,\\0\\24\\24115.pdf
\\1351\\CJ0105053\\KP1415374\\KP1415374.pdf,\\0\\25\\25174.pdf
\\1348\\CJ0104828\\KP1506156\\KP1506156.pdf,\\0\\21\\21797.pdf
\\1347\\CJ0104819\\KP1504838\\KP1504838.pdf,\\0\\21\\21679.pdf
\\1348\\CJ0104831\\KP1489005\\KP1489005.pdf,\\0\\21\\21857.pdf
\\1347\\CJ0104794\\KP1380776\\KP1380776.pdf,\\0\\21\\21190.pdf
\\1348\\CJ0104850\\KP1423438\\KP1423438.pdf,\\0\\22\\22107.pdf
\\1349\\CJ0104901\\KP1415097\\KP1415097.pdf,\\0\\22\\22165.pdf
\\1347\\CJ0104808\\KP1907093\\KP1907093.pdf,\\0\\21\\21509.pdf
\\1351\\CJ0105016\\KP2064113\\KP2064113.pdf,\\0\\24\\24663.pdf
\\1349\\CJ0104893\\KP1505919\\KP1505919.pdf,\\0\\24\\24131.pdf
\\1348\\CJ0104876\\KP1505577\\KP1505577.pdf,\\0\\23\\23412.pdf
\\1347\\CJ0104795\\KP1415046\\KP1415046.pdf,\\0\\21\\21203.pdf
\\1347\\CJ0104817\\KP1907710\\KP1907710.pdf,\\0\\21\\21655.pdf
\\1347\\CJ0104803\\KP1490217\\KP1490217.pdf,\\0\\21\\21430.pdf
\\1347\\CJ0104800\\KP1907577\\KP1907577.pdf,\\0\\21\\21273.pdf
\\1347\\CJ0104794\\KP1380782\\KP1380782.pdf,\\0\\21\\21187.pdf
\\1347\\CJ0104797\\KP1505902\\KP1505902.pdf,\\0\\21\\21240.pdf
\\1349\\CJ0104881\\KP1905720\\KP1905720.pdf,\\0\\23\\23759.pdf
\\1349\\CJ0104897\\KP2026172\\KP2026172.pdf,\\0\\24\\24413.pdf
\\1349\\CJ0104898\\KP1506854\\KP1506854.pdf,\\0\\24\\24419.pdf
\\1347\\CJ0104796\\KP1505862\\KP1505862.pdf,\\0\\21\\21224.pdf
\\1347\\CJ0104812\\KP1907574\\KP1907574.pdf,\\0\\21\\21569.pdf
\\1347\\CJ0104802\\KP1380572\\KP1380572.pdf,\\0\\21\\21416.pdf
\\1347\\CJ0104810\\KP1905663\\KP1905663.pdf,\\0\\21\\21538.pdf
\\1347\\CJ0104803\\KP1380581\\KP1380581.pdf,\\0\\21\\21444.pdf
\\1347\\CJ0104799\\KP1506161\\KP1506161.pdf,\\0\\21\\21260.pdf
\\1350\\CJ0104965\\KP1907838\\KP1907838.pdf,\\0\\22\\22332.pdf
\\1347\\CJ0104819\\KP1504834\\KP1504834.pdf,\\0\\21\\21682.pdf
\\1349\\CJ0104902\\KP1423402\\KP1423402.pdf,\\0\\22\\22189.pdf
\\1347\\CJ0104804\\KP1378460\\KP1378460.pdf,\\0\\21\\21454.pdf
\\1347\\CJ0104807\\KP1505827\\KP1505827.pdf,\\0\\21\\21503.pdf
\\1348\\CJ0104875\\KP1423377\\KP1423377.pdf,\\0\\23\\23408.pdf
\\1349\\CJ0104894\\KP1506207\\KP1506207.pdf,\\0\\24\\24159.pdf
\\1347\\CJ0104797\\KP1505878\\KP1505878.pdf,\\0\\21\\21232.pdf
\\1347\\CJ0104799\\KP1506178\\KP1506178.pdf,\\0\\21\\21270.pdf
\\1348\\CJ0104843\\KP1504528\\KP1504528.pdf,\\0\\22\\22012.pdf
\\1349\\CJ0104896\\KP1506940\\KP1506940.pdf,\\0\\24\\24380.pdf
\\1348\\CJ0104850\\KP1423423\\KP1423423.pdf,\\0\\22\\22118.pdf
\\1348\\CJ0104862\\KP1415115\\KP1415115.pdf,\\0\\22\\22746.pdf
\\1348\\CJ0104863\\KP1415075\\KP1415075.pdf,\\0\\22\\22754.pdf
\\1349\\CJ0104899\\KP1905764\\KP1905764.pdf,\\0\\24\\24437.pdf
\\1347\\CJ0104799\\KP1506162\\KP1506162.pdf,\\0\\21\\21261.pdf
\\1347\\CJ0104808\\KP1907082\\KP1907082.pdf,\\0\\21\\21520.pdf
\\1351\\CJ0105002\\KP2018106\\KP2018106.pdf,\\0\\24\\24960.pdf
\\1349\\CJ0104899\\KP1905763\\KP1905763.pdf,\\0\\24\\24439.pdf
\\1347\\CJ0104795\\KP1415061\\KP1415061.pdf,\\0\\21\\21211.pdf
\\1348\\CJ0104823\\KP2065105\\KP2065105.pdf,\\0\\21\\21725.pdf
\\1348\\CJ0104827\\KP1505617\\KP1505617.pdf,\\0\\21\\21787.pdf
\\1348\\CJ0104842\\KP1504511\\KP1504511.pdf,\\0\\22\\22006.pdf
\\1348\\CJ0104826\\KP1505647\\KP1505647.pdf,\\0\\21\\21768.pdf
\\1348\\CJ0104862\\KP1415117\\KP1415117.pdf,\\0\\22\\22747.pdf
\\1348\\CJ0104869\\KP1505733\\KP1505733.pdf,\\0\\23\\23081.pdf
\\1351\\CJ0105002\\KP1504584\\KP1504584.pdf,\\0\\24\\24958.pdf
\\1348\\CJ0104833\\KP1505871\\KP1505871.pdf,\\0\\21\\21885.pdf
\\1347\\CJ0104795\\KP1415059\\KP1415059.pdf,\\0\\21\\21210.pdf
\\1347\\CJ0104803\\KP1490223\\KP1490223.pdf,\\0\\21\\21436.pdf
\\1347\\CJ0104818\\KP1504824\\KP1504824.pdf,\\0\\21\\21665.pdf
\\1347\\CJ0104807\\KP1505828\\KP1505828.pdf,\\0\\21\\21504.pdf
\\1348\\CJ0104868\\KP1505669\\KP1505669.pdf,\\0\\23\\23067.pdf
\\1348\\CJ0104876\\KP1505586\\KP1505586.pdf,\\0\\23\\23421.pdf
\\1348\\CJ0104859\\KP1505806\\KP1505806.pdf,\\0\\22\\22463.pdf
\\1348\\CJ0104831\\KP1488999\\KP1488999.pdf,\\0\\21\\21851.pdf
\\1347\\CJ0104820\\KP1490544\\KP1490544.pdf,\\0\\21\\21693.pdf
\\1347\\CJ0104801\\KP1907610\\KP1907610.pdf,\\0\\21\\21291.pdf
\\1348\\CJ0104862\\KP1415107\\KP1415107.pdf,\\0\\22\\22742.pdf
\\1347\\CJ0104814\\KP1905645\\KP1905645.pdf,\\0\\21\\21608.pdf
\\1349\\CJ0104881\\KP1905727\\KP1905727.pdf,\\0\\23\\23766.pdf
\\1348\\CJ0104858\\KP1490573\\KP1490573.pdf,\\0\\22\\22448.pdf
\\1348\\CJ0104864\\KP1506082\\KP1506082.pdf,\\0\\22\\22772.pdf
\\1347\\CJ0104798\\KP1506137\\KP1506137.pdf,\\0\\21\\21246.pdf
\\1347\\CJ0104810\\KP1905656\\KP1905656.pdf,\\0\\21\\21544.pdf
\\1347\\CJ0104811\\KP1905649\\KP1905649.pdf,\\0\\21\\21560.pdf
\\1348\\CJ0104836\\KP2063478\\KP2063478.pdf,\\0\\21\\21927.pdf
\\1348\\CJ0104850\\KP1423430\\KP1423430.pdf,\\0\\22\\22113.pdf
\\1348\\CJ0104869\\KP1505739\\KP1505739.pdf,\\0\\23\\23077.pdf
\\1348\\CJ0104830\\KP1488978\\KP1488978.pdf,\\0\\21\\21830.pdf
\\1347\\CJ0104772\\KP2060489\\KP2060489.pdf,\\0\\25\\25189.pdf
\\1349\\CJ0104901\\KP1415093\\KP1415093.pdf,\\0\\22\\22163.pdf
\\1348\\CJ0104839\\KP1384147\\KP1384147.pdf,\\0\\21\\21955.pdf
\\1348\\CJ0104845\\KP1424046\\KP1424046.pdf,\\0\\22\\22036.pdf
\\1349\\CJ0104892\\KP1505714\\KP1505714.pdf,\\0\\24\\24122.pdf
\\1349\\CJ0104898\\KP1506856\\KP1506856.pdf,\\0\\24\\24421.pdf
\\1347\\CJ0104812\\KP1907552\\KP1907552.pdf,\\0\\21\\21583.pdf
\\1347\\CJ0104798\\KP1506144\\KP1506144.pdf,\\0\\21\\21250.pdf
\\1348\\CJ0104832\\KP1505908\\KP1505908.pdf,\\0\\21\\21877.pdf
\\1348\\CJ0104827\\KP1505619\\KP1505619.pdf,\\0\\21\\21788.pdf
\\1347\\CJ0104801\\KP1907590\\KP1907590.pdf,\\0\\21\\21299.pdf
\\1348\\CJ0104875\\KP2054179\\KP2054179.pdf,\\0\\23\\23403.pdf
\\1349\\CJ0104891\\KP1380548\\KP1380548.pdf,\\0\\24\\24108.pdf
\\1349\\CJ0104893\\KP1505921\\KP1505921.pdf,\\0\\24\\24132.pdf
\\1348\\CJ0104859\\KP2064446\\KP2064446.pdf,\\0\\22\\22470.pdf
\\1348\\CJ0104836\\KP2063483\\KP2063483.pdf,\\0\\21\\21923.pdf
\\1349\\CJ0104895\\KP1506220\\KP1506220.pdf,\\0\\24\\24361.pdf
\\1349\\CJ0104881\\KP1905725\\KP1905725.pdf,\\0\\23\\23764.pdf
\\1349\\CJ0104898\\KP1506860\\KP1506860.pdf,\\0\\24\\24425.pdf
\\1349\\CJ0104905\\KP2063465\\KP2063465.pdf,\\0\\22\\22231.pdf
\\1348\\CJ0104859\\KP1505802\\KP1505802.pdf,\\0\\22\\22459.pdf
\\1348\\CJ0104831\\KP1488995\\KP1488995.pdf,\\0\\21\\21847.pdf
\\1347\\CJ0104819\\KP1504836\\KP1504836.pdf,\\0\\21\\21680.pdf
\\1349\\CJ0104901\\KP1415090\\KP1415090.pdf,\\0\\22\\22161.pdf
\\1349\\CJ0104900\\KP1425003\\KP1425003.pdf,\\0\\24\\24452.pdf
\\1347\\CJ0104802\\KP1380562\\KP1380562.pdf,\\0\\21\\21426.pdf
\\1348\\CJ0104830\\KP1488992\\KP1488992.pdf,\\0\\21\\21844.pdf
\\1348\\CJ0104835\\KP1424056\\KP1424056.pdf,\\0\\21\\21913.pdf
\\1350\\CJ0104966\\KP1425089\\KP1425089.pdf,\\0\\22\\22358.pdf
\\1349\\CJ0104896\\KP1506955\\KP1506955.pdf,\\0\\24\\24394.pdf
\\1348\\CJ0104878\\KP1506770\\KP1506770.pdf,\\0\\23\\23459.pdf
\\1348\\CJ0104822\\KP1380777\\KP1380777.pdf,\\0\\21\\21712.pdf
\\1347\\CJ0104797\\KP1505901\\KP1505901.pdf,\\0\\21\\21239.pdf
\\1348\\CJ0104840\\KP2064434\\KP2064434.pdf,\\0\\21\\21974.pdf
\\1347\\CJ0104813\\KP1907593\\KP1907593.pdf,\\0\\21\\21597.pdf
\\1349\\CJ0104906\\KP1907047\\KP1907047.pdf,\\0\\22\\22254.pdf
\\1347\\CJ0104797\\KP1505884\\KP1505884.pdf,\\0\\21\\21235.pdf
\\1347\\CJ0104820\\KP1490547\\KP1490547.pdf,\\0\\21\\21696.pdf
\\1348\\CJ0104846\\KP1506806\\KP1506806.pdf,\\0\\25\\25232.pdf
\\1348\\CJ0104839\\KP1422333\\KP1422333.pdf,\\0\\21\\21961.pdf
\\1349\\CJ0104884\\KP1505703\\KP1505703.pdf,\\0\\23\\23818.pdf
\\1350\\CJ0104965\\KP1907843\\KP1907843.pdf,\\0\\22\\22328.pdf
\\1348\\CJ0104821\\KP1381100\\KP1381100.pdf,\\0\\21\\21700.pdf
\\1347\\CJ0104816\\KP1907734\\KP1907734.pdf,\\0\\21\\21644.pdf
\\1349\\CJ0104896\\KP1506942\\KP1506942.pdf,\\0\\24\\24382.pdf
\\1348\\CJ0104845\\KP2063484\\KP2063484.pdf,\\0\\22\\22037.pdf
\\1351\\CJ0105016\\KP1378211\\KP1378211.pdf,\\0\\24\\24666.pdf
\\1350\\CJ0104965\\KP1907841\\KP1907841.pdf,\\0\\22\\22330.pdf
\\1348\\CJ0104840\\KP1505781\\KP1505781.pdf,\\0\\21\\21980.pdf
\\1349\\CJ0104906\\KP1907044\\KP1907044.pdf,\\0\\22\\22257.pdf
\\1350\\CJ0104965\\KP1907511\\KP1907511.pdf,\\0\\22\\22335.pdf
\\1350\\CJ0104982\\KP1378778\\KP1378778.pdf,\\0\\23\\23048.pdf
\\1348\\CJ0104827\\KP1505626\\KP1505626.pdf,\\0\\21\\21793.pdf
\\1348\\CJ0104838\\KP1505569\\KP1505569.pdf,\\0\\21\\21948.pdf
\\1349\\CJ0104897\\KP1907681\\KP1907681.pdf,\\0\\24\\24405.pdf
\\1348\\CJ0104876\\KP1505592\\KP1505592.pdf,\\0\\23\\23427.pdf
\\1348\\CJ0104828\\KP1506181\\KP1506181.pdf,\\0\\21\\21808.pdf
\\1347\\CJ0104812\\KP1907551\\KP1907551.pdf,\\0\\21\\21584.pdf
\\1348\\CJ0104830\\KP1488984\\KP1488984.pdf,\\0\\21\\21836.pdf
\\1348\\CJ0104831\\KP1489001\\KP1489001.pdf,\\0\\21\\21853.pdf
\\1348\\CJ0104841\\KP1505792\\KP1505792.pdf,\\0\\21\\21989.pdf
\\1347\\CJ0104800\\KP1907579\\KP1907579.pdf,\\0\\21\\21272.pdf
\\1349\\CJ0104895\\KP1506224\\KP1506224.pdf,\\0\\24\\24365.pdf
\\1348\\CJ0104875\\KP1423388\\KP1423388.pdf,\\0\\23\\23397.pdf
\\1349\\CJ0104892\\KP1505700\\KP1505700.pdf,\\0\\24\\24126.pdf
\\1351\\CJ0105017\\KP1422129\\KP1422129.pdf,\\0\\24\\24681.pdf
\\1347\\CJ0104795\\KP1415037\\KP1415037.pdf,\\0\\21\\21199.pdf
\\1348\\CJ0104833\\KP1505857\\KP1505857.pdf,\\0\\21\\21879.pdf
\\1349\\CJ0104903\\KP1423387\\KP1423387.pdf,\\0\\22\\22200.pdf
\\1349\\CJ0104905\\KP2063468\\KP2063468.pdf,\\0\\22\\22228.pdf
\\1349\\CJ0104885\\KP1907540\\KP1907540.pdf,\\0\\23\\23829.pdf
\\1347\\CJ0104804\\KP2053817\\KP2053817.pdf,\\0\\21\\21448.pdf
\\1347\\CJ0104809\\KP1907069\\KP1907069.pdf,\\0\\21\\21531.pdf
\\1349\\CJ0104907\\KP1907775\\KP1907775.pdf,\\0\\22\\22274.pdf
\\1348\\CJ0104832\\KP1505898\\KP1505898.pdf,\\0\\21\\21872.pdf
\\1348\\CJ0104826\\KP1505641\\KP1505641.pdf,\\0\\21\\21771.pdf
\\1349\\CJ0104895\\KP1506238\\KP1506238.pdf,\\0\\24\\24373.pdf
\\1347\\CJ0104808\\KP1907083\\KP1907083.pdf,\\0\\21\\21519.pdf
\\1347\\CJ0104809\\KP1907078\\KP1907078.pdf,\\0\\21\\21523.pdf
\\1347\\CJ0104815\\KP2064689\\KP2064689.pdf,\\0\\21\\21623.pdf
\\1347\\CJ0104817\\KP1907727\\KP1907727.pdf,\\0\\21\\21648.pdf
\\1350\\CJ0104982\\KP1378770\\KP1378770.pdf,\\0\\23\\23042.pdf
\\1348\\CJ0104827\\KP1384085\\KP1384085.pdf,\\0\\21\\21778.pdf
\\1349\\CJ0104901\\KP1415087\\KP1415087.pdf,\\0\\22\\22159.pdf
\\1348\\CJ0104858\\KP1490572\\KP1490572.pdf,\\0\\22\\22447.pdf
\\1351\\CJ0105002\\KP1422128\\KP1422128.pdf,\\0\\24\\24952.pdf
\\1347\\CJ0104772\\KP2060490\\KP2060490.pdf,\\0\\25\\25188.pdf
\\1349\\CJ0104896\\KP1506935\\KP1506935.pdf,\\0\\24\\24375.pdf
\\1348\\CJ0104864\\KP1506065\\KP1506065.pdf,\\0\\22\\22765.pdf
\\1347\\CJ0104815\\KP2064683\\KP2064683.pdf,\\0\\21\\21617.pdf
\\1347\\CJ0104815\\KP2064688\\KP2064688.pdf,\\0\\21\\21622.pdf
\\1348\\CJ0104821\\KP1381111\\KP1381111.pdf,\\0\\21\\21710.pdf
\\1347\\CJ0104800\\KP1907565\\KP1907565.pdf,\\0\\21\\21280.pdf
\\1348\\CJ0104843\\KP1504524\\KP1504524.pdf,\\0\\22\\22016.pdf
\\1348\\CJ0104839\\KP1506463\\KP1506463.pdf,\\0\\21\\21959.pdf
\\1349\\CJ0104901\\KP1415114\\KP1415114.pdf,\\0\\22\\22175.pdf
\\1348\\CJ0104865\\KP1506096\\KP1506096.pdf,\\0\\22\\22777.pdf
\\1348\\CJ0104829\\KP1506136\\KP1506136.pdf,\\0\\21\\21817.pdf
\\1347\\CJ0104817\\KP1907707\\KP1907707.pdf,\\0\\21\\21656.pdf
\\1348\\CJ0104835\\KP1424058\\KP1424058.pdf,\\0\\21\\21911.pdf
\\1347\\CJ0104819\\KP1504828\\KP1504828.pdf,\\0\\21\\21686.pdf
\\1347\\CJ0104787\\KP1504895\\KP1504895.pdf,\\0\\25\\25227.pdf
\\1349\\CJ0104895\\KP1506226\\KP1506226.pdf,\\0\\24\\24366.pdf
\\1347\\CJ0104800\\KP1907550\\KP1907550.pdf,\\0\\21\\21284.pdf
\\1349\\CJ0104895\\KP1506234\\KP1506234.pdf,\\0\\24\\24372.pdf
\\1347\\CJ0104795\\KP1415053\\KP1415053.pdf,\\0\\21\\21206.pdf
\\1347\\CJ0104815\\KP1905782\\KP1905782.pdf,\\0\\21\\21626.pdf
\\1347\\CJ0104817\\KP1907723\\KP1907723.pdf,\\0\\21\\21650.pdf
\\1349\\CJ0104902\\KP1423416\\KP1423416.pdf,\\0\\22\\22178.pdf
\\1348\\CJ0104825\\KP1384089\\KP1384089.pdf,\\0\\21\\21758.pdf
\\1349\\CJ0104881\\KP1905726\\KP1905726.pdf,\\0\\23\\23765.pdf
\\1348\\CJ0104827\\KP1505613\\KP1505613.pdf,\\0\\21\\21784.pdf
\\1348\\CJ0104827\\KP1505628\\KP1505628.pdf,\\0\\21\\21795.pdf
\\1349\\CJ0104884\\KP1506121\\KP1506121.pdf,\\0\\23\\23813.pdf
\\1351\\CJ0105002\\KP1422126\\KP1422126.pdf,\\0\\24\\24953.pdf
\\1349\\CJ0104894\\KP1506212\\KP1506212.pdf,\\0\\24\\24162.pdf
\\1349\\CJ0104895\\KP1506123\\KP1506123.pdf,\\0\\24\\24369.pdf
\\1349\\CJ0104906\\KP1907056\\KP1907056.pdf,\\0\\22\\22243.pdf
\\1349\\CJ0104891\\KP1380545\\KP1380545.pdf,\\0\\24\\24111.pdf
\\1348\\CJ0104828\\KP1506164\\KP1506164.pdf,\\0\\21\\21800.pdf
\\1348\\CJ0104829\\KP1506148\\KP1506148.pdf,\\0\\21\\21823.pdf
\\1350\\CJ0104966\\KP2063415\\KP2063415.pdf,\\0\\22\\22343.pdf
\\1347\\CJ0104803\\KP1380583\\KP1380583.pdf,\\0\\21\\21442.pdf
\\1347\\CJ0104804\\KP2053816\\KP2053816.pdf,\\0\\21\\21449.pdf
\\1349\\CJ0104896\\KP1506954\\KP1506954.pdf,\\0\\24\\24393.pdf
\\1348\\CJ0104856\\KP1504870\\KP1504870.pdf,\\0\\22\\22420.pdf
\\1348\\CJ0104878\\KP1506786\\KP1506786.pdf,\\0\\23\\23451.pdf
\\1349\\CJ0104903\\KP1423378\\KP1423378.pdf,\\0\\22\\22207.pdf
\\1347\\CJ0104818\\KP1504826\\KP1504826.pdf,\\0\\21\\21664.pdf
\\1348\\CJ0104823\\KP1380791\\KP1380791.pdf,\\0\\21\\21728.pdf
\\1347\\CJ0104810\\KP1905652\\KP1905652.pdf,\\0\\21\\21548.pdf
\\1349\\CJ0104882\\KP1905704\\KP1905704.pdf,\\0\\23\\23773.pdf
\\1348\\CJ0104856\\KP1504866\\KP1504866.pdf,\\0\\22\\22423.pdf
\\1349\\CJ0104883\\KP1506092\\KP1506092.pdf,\\0\\23\\23800.pdf
\\1349\\CJ0104884\\KP1506126\\KP1506126.pdf,\\0\\23\\23815.pdf
\\1348\\CJ0104876\\KP1505574\\KP1505574.pdf,\\0\\23\\23409.pdf
\\1348\\CJ0104859\\KP1505805\\KP1505805.pdf,\\0\\22\\22462.pdf
\\1348\\CJ0104876\\KP1505591\\KP1505591.pdf,\\0\\23\\23426.pdf
\\1348\\CJ0104828\\KP1506168\\KP1506168.pdf,\\0\\21\\21801.pdf
\\1347\\CJ0104798\\KP1506150\\KP1506150.pdf,\\0\\21\\21253.pdf
\\1347\\CJ0104806\\KP1505815\\KP1505815.pdf,\\0\\21\\21491.pdf
\\1348\\CJ0104856\\KP1504878\\KP1504878.pdf,\\0\\22\\22412.pdf
\\1347\\CJ0104814\\KP1905646\\KP1905646.pdf,\\0\\21\\21607.pdf
\\1348\\CJ0104833\\KP1505859\\KP1505859.pdf,\\0\\21\\21880.pdf
\\1348\\CJ0104821\\KP1381108\\KP1381108.pdf,\\0\\21\\21707.pdf
\\1347\\CJ0104818\\KP1504816\\KP1504816.pdf,\\0\\21\\21670.pdf
\\1349\\CJ0104881\\KP1905719\\KP1905719.pdf,\\0\\23\\23758.pdf
\\1347\\CJ0104809\\KP1907065\\KP1907065.pdf,\\0\\21\\21535.pdf
\\1348\\CJ0104831\\KP1489003\\KP1489003.pdf,\\0\\21\\21855.pdf
\\1347\\CJ0104804\\KP1378454\\KP1378454.pdf,\\0\\21\\21461.pdf
\\1349\\CJ0104888\\KP1506120\\KP1506120.pdf,\\0\\24\\24061.pdf
\\1348\\CJ0104832\\KP1505891\\KP1505891.pdf,\\0\\21\\21867.pdf
\\1349\\CJ0104881\\KP1905729\\KP1905729.pdf,\\0\\23\\23768.pdf
\\1348\\CJ0104843\\KP1504519\\KP1504519.pdf,\\0\\22\\22021.pdf
\\1347\\CJ0104808\\KP1907081\\KP1907081.pdf,\\0\\21\\21521.pdf
\\1350\\CJ0104965\\KP1907502\\KP1907502.pdf,\\0\\22\\22324.pdf
\\1347\\CJ0104815\\KP2064684\\KP2064684.pdf,\\0\\21\\21618.pdf
\\1348\\CJ0104829\\KP1506151\\KP1506151.pdf,\\0\\21\\21824.pdf
\\1350\\CJ0104966\\KP2063418\\KP2063418.pdf,\\0\\22\\22346.pdf
\\1348\\CJ0104857\\KP1490550\\KP1490550.pdf,\\0\\22\\22440.pdf
\\1349\\CJ0104892\\KP1504745\\KP1504745.pdf,\\0\\24\\24114.pdf
\\1349\\CJ0104893\\KP1504736\\KP1504736.pdf,\\0\\24\\24141.pdf
\\1348\\CJ0104833\\KP1505877\\KP1505877.pdf,\\0\\21\\21888.pdf
\\1348\\CJ0104830\\KP1488991\\KP1488991.pdf,\\0\\21\\21843.pdf
\\1348\\CJ0104842\\KP1504514\\KP1504514.pdf,\\0\\21\\21999.pdf
\\1349\\CJ0104901\\KP1415098\\KP1415098.pdf,\\0\\22\\22166.pdf
\\1348\\CJ0104833\\KP1505879\\KP1505879.pdf,\\0\\21\\21889.pdf
\\1347\\CJ0104815\\KP1905780\\KP1905780.pdf,\\0\\21\\21628.pdf
\\1347\\CJ0104813\\KP1907609\\KP1907609.pdf,\\0\\21\\21589.pdf
\\1349\\CJ0104895\\KP1506230\\KP1506230.pdf,\\0\\24\\24368.pdf
\\1348\\CJ0104865\\KP1506100\\KP1506100.pdf,\\0\\22\\22779.pdf
\\1348\\CJ0104821\\KP1381110\\KP1381110.pdf,\\0\\21\\21709.pdf
\\1347\\CJ0104797\\KP1505873\\KP1505873.pdf,\\0\\21\\21230.pdf
\\1348\\CJ0104835\\KP1424071\\KP1424071.pdf,\\0\\21\\21905.pdf
\\1349\\CJ0104907\\KP1907774\\KP1907774.pdf,\\0\\22\\22275.pdf
\\1349\\CJ0104881\\KP1905718\\KP1905718.pdf,\\0\\23\\23757.pdf
\\1349\\CJ0104881\\KP1905721\\KP1905721.pdf,\\0\\23\\23760.pdf
\\1348\\CJ0104837\\KP1505562\\KP1505562.pdf,\\0\\21\\21941.pdf
\\1348\\CJ0104862\\KP1415101\\KP1415101.pdf,\\0\\22\\22739.pdf
\\1349\\CJ0104893\\KP1504738\\KP1504738.pdf,\\0\\24\\24142.pdf
\\1347\\CJ0104797\\KP1505881\\KP1505881.pdf,\\0\\21\\21234.pdf
\\1348\\CJ0104834\\KP1907062\\KP1907062.pdf,\\0\\21\\21900.pdf
\\1349\\CJ0104907\\KP1907791\\KP1907791.pdf,\\0\\22\\22258.pdf
\\1347\\CJ0104804\\KP1378462\\KP1378462.pdf,\\0\\21\\21452.pdf
\\1349\\CJ0104899\\KP1905768\\KP1905768.pdf,\\0\\24\\24434.pdf
\\1348\\CJ0104829\\KP1506140\\KP1506140.pdf,\\0\\21\\21819.pdf
\\1348\\CJ0104840\\KP2064431\\KP2064431.pdf,\\0\\21\\21971.pdf
\\1349\\CJ0104902\\KP1423412\\KP1423412.pdf,\\0\\22\\22181.pdf
\\1351\\CJ0105016\\KP2064115\\KP2064115.pdf,\\0\\24\\24665.pdf
\\1350\\CJ0104966\\KP1425091\\KP1425091.pdf,\\0\\22\\22341.pdf
\\1348\\CJ0104836\\KP2063482\\KP2063482.pdf,\\0\\21\\21924.pdf
\\1348\\CJ0104824\\KP1505639\\KP1505639.pdf,\\0\\21\\21745.pdf
\\1348\\CJ0104829\\KP1506135\\KP1506135.pdf,\\0\\21\\21816.pdf
\\1347\\CJ0104812\\KP1907557\\KP1907557.pdf,\\0\\21\\21580.pdf
\\1347\\CJ0104808\\KP1907087\\KP1907087.pdf,\\0\\21\\21512.pdf
\\1349\\CJ0104883\\KP1506089\\KP1506089.pdf,\\0\\23\\23799.pdf
\\1349\\CJ0104891\\KP1380550\\KP1380550.pdf,\\0\\24\\24107.pdf
\\1351\\CJ0105003\\KP1381276\\KP1381276.pdf,\\0\\24\\24966.pdf
\\1348\\CJ0104869\\KP1505729\\KP1505729.pdf,\\0\\23\\23083.pdf
\\1348\\CJ0104859\\KP1505804\\KP1505804.pdf,\\0\\22\\22461.pdf
\\1348\\CJ0104841\\KP1505793\\KP1505793.pdf,\\0\\21\\21990.pdf
\\1347\\CJ0104807\\KP1505826\\KP1505826.pdf,\\0\\21\\21502.pdf
\\1348\\CJ0104875\\KP1423497\\KP1423497.pdf,\\0\\23\\23404.pdf
\\1348\\CJ0104859\\KP2064445\\KP2064445.pdf,\\0\\22\\22469.pdf
\\1348\\CJ0104830\\KP1488990\\KP1488990.pdf,\\0\\21\\21842.pdf
\\1347\\CJ0104794\\KP1380778\\KP1380778.pdf,\\0\\21\\21189.pdf
\\1349\\CJ0104895\\KP1506118\\KP1506118.pdf,\\0\\24\\24362.pdf
\\1348\\CJ0104844\\KP1424072\\KP1424072.pdf,\\0\\22\\22026.pdf
\\1348\\CJ0104856\\KP1504872\\KP1504872.pdf,\\0\\22\\22418.pdf
\\1350\\CJ0104966\\KP2063425\\KP2063425.pdf,\\0\\22\\22352.pdf
\\1348\\CJ0104823\\KP1380781\\KP1380781.pdf,\\0\\21\\21733.pdf
\\1347\\CJ0104794\\KP1380784\\KP1380784.pdf,\\0\\21\\21185.pdf
\\1348\\CJ0104842\\KP1504512\\KP1504512.pdf,\\0\\22\\22002.pdf
\\1348\\CJ0104857\\KP1490558\\KP1490558.pdf,\\0\\22\\22432.pdf
\\1347\\CJ0104815\\KP1905775\\KP1905775.pdf,\\0\\21\\21633.pdf
\\1347\\CJ0104818\\KP1907328\\KP1907328.pdf,\\0\\21\\21673.pdf
\\1347\\CJ0104806\\KP1505816\\KP1505816.pdf,\\0\\21\\21492.pdf
\\1348\\CJ0104839\\KP1506464\\KP1506464.pdf,\\0\\21\\21960.pdf
\\1347\\CJ0104811\\KP1506845\\KP1506845.pdf,\\0\\21\\21564.pdf
\\1347\\CJ0104804\\KP1378453\\KP1378453.pdf,\\0\\21\\21462.pdf
\\1348\\CJ0104858\\KP1504918\\KP1504918.pdf,\\0\\22\\22455.pdf
\\1348\\CJ0104876\\KP1505585\\KP1505585.pdf,\\0\\23\\23420.pdf
\\1348\\CJ0104835\\KP1424076\\KP1424076.pdf,\\0\\21\\21902.pdf
\\1347\\CJ0104807\\KP1505819\\KP1505819.pdf,\\0\\21\\21495.pdf
\\1348\\CJ0104876\\KP1505578\\KP1505578.pdf,\\0\\23\\23413.pdf
\\1351\\CJ0105017\\KP1422135\\KP1422135.pdf,\\0\\24\\24678.pdf
\\1347\\CJ0104798\\KP2060939\\KP2060939.pdf,\\0\\21\\21241.pdf
\\1347\\CJ0104811\\KP1905638\\KP1905638.pdf,\\0\\21\\21553.pdf
\\1348\\CJ0104841\\KP1505790\\KP1505790.pdf,\\0\\21\\21987.pdf
\\1348\\CJ0104842\\KP1504513\\KP1504513.pdf,\\0\\22\\22001.pdf
\\1348\\CJ0104845\\KP2063445\\KP2063445.pdf,\\0\\22\\22050.pdf
\\1348\\CJ0104865\\KP1506091\\KP1506091.pdf,\\0\\22\\22776.pdf
\\1347\\CJ0104800\\KP1907575\\KP1907575.pdf,\\0\\21\\21275.pdf
\\1348\\CJ0104843\\KP1504521\\KP1504521.pdf,\\0\\22\\22019.pdf
\\1349\\CJ0104883\\KP1506072\\KP1506072.pdf,\\0\\23\\23788.pdf
\\1351\\CJ0105016\\KP1378246\\KP1378246.pdf,\\0\\24\\24667.pdf